-- MariaDB dump 10.19  Distrib 10.6.12-MariaDB, for debian-linux-gnu (x86_64)
--
-- Host: localhost    Database: sisconef26
-- ------------------------------------------------------
-- Server version	10.6.12-MariaDB-0ubuntu0.22.04.1

/*!40101 SET @OLD_CHARACTER_SET_CLIENT=@@CHARACTER_SET_CLIENT */;
/*!40101 SET @OLD_CHARACTER_SET_RESULTS=@@CHARACTER_SET_RESULTS */;
/*!40101 SET @OLD_COLLATION_CONNECTION=@@COLLATION_CONNECTION */;
/*!40101 SET NAMES utf8mb4 */;
/*!40103 SET @OLD_TIME_ZONE=@@TIME_ZONE */;
/*!40103 SET TIME_ZONE='+00:00' */;
/*!40014 SET @OLD_UNIQUE_CHECKS=@@UNIQUE_CHECKS, UNIQUE_CHECKS=0 */;
/*!40014 SET @OLD_FOREIGN_KEY_CHECKS=@@FOREIGN_KEY_CHECKS, FOREIGN_KEY_CHECKS=0 */;
/*!40101 SET @OLD_SQL_MODE=@@SQL_MODE, SQL_MODE='NO_AUTO_VALUE_ON_ZERO' */;
/*!40111 SET @OLD_SQL_NOTES=@@SQL_NOTES, SQL_NOTES=0 */;

--
-- Table structure for table `destinations`
--

DROP TABLE IF EXISTS `destinations`;
/*!40101 SET @saved_cs_client     = @@character_set_client */;
/*!40101 SET character_set_client = utf8 */;
CREATE TABLE `destinations` (
  `id` bigint(20) unsigned NOT NULL AUTO_INCREMENT,
  `destination` varchar(255) NOT NULL,
  `created_at` timestamp NULL DEFAULT NULL,
  `updated_at` timestamp NULL DEFAULT NULL,
  PRIMARY KEY (`id`)
) ENGINE=InnoDB AUTO_INCREMENT=23 DEFAULT CHARSET=utf8mb4 COLLATE=utf8mb4_unicode_ci;
/*!40101 SET character_set_client = @saved_cs_client */;

--
-- Dumping data for table `destinations`
--

LOCK TABLES `destinations` WRITE;
/*!40000 ALTER TABLE `destinations` DISABLE KEYS */;
INSERT INTO `destinations` VALUES (1,'DISP MED',NULL,NULL),(2,'SERVIÇO',NULL,NULL),(3,'SSV',NULL,NULL),(4,'MISSÃO',NULL,NULL),(5,'DISP REC',NULL,NULL),(6,'PRONTO',NULL,NULL),(7,'FÉRIAS',NULL,NULL),(9,'ADIDO',NULL,NULL),(10,'AGREGADO',NULL,NULL),(11,'EST CURSO',NULL,NULL),(12,'FALTA',NULL,NULL),(13,'INSTALAÇÃO',NULL,NULL),(14,'LIBERAÇÃO TEMP',NULL,NULL),(15,'LIC PATER',NULL,NULL),(16,'NÚPCIAS',NULL,NULL),(17,'DISP DISC FÉRIAS',NULL,NULL),(18,'VIAGEM',NULL,NULL),(19,'SFPC',NULL,NULL),(20,'PRESO',NULL,NULL),(21,'LUTO',NULL,NULL),(22,'CS',NULL,NULL);
/*!40000 ALTER TABLE `destinations` ENABLE KEYS */;
UNLOCK TABLES;

--
-- Table structure for table `failed_jobs`
--

DROP TABLE IF EXISTS `failed_jobs`;
/*!40101 SET @saved_cs_client     = @@character_set_client */;
/*!40101 SET character_set_client = utf8 */;
CREATE TABLE `failed_jobs` (
  `id` bigint(20) unsigned NOT NULL AUTO_INCREMENT,
  `uuid` varchar(255) NOT NULL,
  `connection` text NOT NULL,
  `queue` text NOT NULL,
  `payload` longtext NOT NULL,
  `exception` longtext NOT NULL,
  `failed_at` timestamp NOT NULL DEFAULT current_timestamp(),
  PRIMARY KEY (`id`),
  UNIQUE KEY `failed_jobs_uuid_unique` (`uuid`)
) ENGINE=InnoDB DEFAULT CHARSET=utf8mb4 COLLATE=utf8mb4_unicode_ci;
/*!40101 SET character_set_client = @saved_cs_client */;

--
-- Dumping data for table `failed_jobs`
--

LOCK TABLES `failed_jobs` WRITE;
/*!40000 ALTER TABLE `failed_jobs` DISABLE KEYS */;
/*!40000 ALTER TABLE `failed_jobs` ENABLE KEYS */;
UNLOCK TABLES;

--
-- Table structure for table `layoffs`
--

DROP TABLE IF EXISTS `layoffs`;
/*!40101 SET @saved_cs_client     = @@character_set_client */;
/*!40101 SET character_set_client = utf8 */;
CREATE TABLE `layoffs` (
  `id` bigint(20) unsigned NOT NULL AUTO_INCREMENT,
  `date_start` date NOT NULL,
  `date_end` date NOT NULL,
  `military_id` bigint(20) unsigned NOT NULL,
  `destination_id` bigint(20) unsigned NOT NULL,
  `created_at` timestamp NULL DEFAULT NULL,
  `updated_at` timestamp NULL DEFAULT NULL,
  PRIMARY KEY (`id`),
  KEY `layoffs_military_id_foreign` (`military_id`),
  KEY `layoffs_destination_id_foreign` (`destination_id`),
  CONSTRAINT `layoffs_destination_id_foreign` FOREIGN KEY (`destination_id`) REFERENCES `destinations` (`id`),
  CONSTRAINT `layoffs_military_id_foreign` FOREIGN KEY (`military_id`) REFERENCES `militaries` (`id`)
) ENGINE=InnoDB AUTO_INCREMENT=2 DEFAULT CHARSET=utf8mb4 COLLATE=utf8mb4_unicode_ci;
/*!40101 SET character_set_client = @saved_cs_client */;

--
-- Dumping data for table `layoffs`
--

LOCK TABLES `layoffs` WRITE;
/*!40000 ALTER TABLE `layoffs` DISABLE KEYS */;
/*!40000 ALTER TABLE `layoffs` ENABLE KEYS */;
UNLOCK TABLES;

--
-- Table structure for table `migrations`
--

DROP TABLE IF EXISTS `migrations`;
/*!40101 SET @saved_cs_client     = @@character_set_client */;
/*!40101 SET character_set_client = utf8 */;
CREATE TABLE `migrations` (
  `id` int(10) unsigned NOT NULL AUTO_INCREMENT,
  `migration` varchar(255) NOT NULL,
  `batch` int(11) NOT NULL,
  PRIMARY KEY (`id`)
) ENGINE=InnoDB AUTO_INCREMENT=14 DEFAULT CHARSET=utf8mb4 COLLATE=utf8mb4_unicode_ci;
/*!40101 SET character_set_client = @saved_cs_client */;

--
-- Dumping data for table `migrations`
--

LOCK TABLES `migrations` WRITE;
/*!40000 ALTER TABLE `migrations` DISABLE KEYS */;
INSERT INTO `migrations` VALUES (1,'2014_10_12_000000_create_users_table',1),(2,'2014_10_12_100000_create_password_reset_tokens_table',1),(3,'2019_08_19_000000_create_failed_jobs_table',1),(4,'2019_12_14_000001_create_personal_access_tokens_table',1),(5,'2024_02_16_171235_create_subunits_table',1),(6,'2024_02_18_181825_create_workplaces_table',1),(7,'2024_02_19_175519_create_ranks_table',1),(8,'2024_02_19_181925_create_militaries_table',1),(9,'2024_04_22_181820_add_foreign_key_subunit_to_users_table',1),(10,'2024_04_29_185452_create_destinations_table',1),(11,'2024_05_06_171325_create_presences_table',1),(12,'2024_05_09_173013_add_column_status_to_militaries_table',1),(13,'2024_07_25_182207_create_layoffs_table',2);
/*!40000 ALTER TABLE `migrations` ENABLE KEYS */;
UNLOCK TABLES;

--
-- Table structure for table `militaries`
--

DROP TABLE IF EXISTS `militaries`;
/*!40101 SET @saved_cs_client     = @@character_set_client */;
/*!40101 SET character_set_client = utf8 */;
CREATE TABLE `militaries` (
  `id` bigint(20) unsigned NOT NULL AUTO_INCREMENT,
  `name` varchar(255) NOT NULL,
  `number` int(11) DEFAULT NULL,
  `subunit_id` bigint(20) unsigned NOT NULL,
  `rank_id` bigint(20) unsigned NOT NULL,
  `workplace_id` bigint(20) unsigned DEFAULT NULL,
  `created_at` timestamp NULL DEFAULT NULL,
  `updated_at` timestamp NULL DEFAULT NULL,
  `status` varchar(255) NOT NULL DEFAULT 'ativa',
  PRIMARY KEY (`id`),
  KEY `militaries_subunit_id_foreign` (`subunit_id`),
  KEY `militaries_rank_id_foreign` (`rank_id`),
  KEY `militaries_workplace_id_foreign` (`workplace_id`),
  CONSTRAINT `militaries_rank_id_foreign` FOREIGN KEY (`rank_id`) REFERENCES `ranks` (`id`),
  CONSTRAINT `militaries_subunit_id_foreign` FOREIGN KEY (`subunit_id`) REFERENCES `subunits` (`id`),
  CONSTRAINT `militaries_workplace_id_foreign` FOREIGN KEY (`workplace_id`) REFERENCES `workplaces` (`id`)
) ENGINE=InnoDB AUTO_INCREMENT=353 DEFAULT CHARSET=utf8mb4 COLLATE=utf8mb4_unicode_ci;
/*!40101 SET character_set_client = @saved_cs_client */;

--
-- Dumping data for table `militaries`
--

LOCK TABLES `militaries` WRITE;
/*!40000 ALTER TABLE `militaries` DISABLE KEYS */;
INSERT INTO `militaries` VALUES (1,'PAPATOLO',NULL,2,4,29,'2024-07-01 16:46:24','2024-07-01 23:04:15','ativa'),(2,'LEANDRO SANTOS',134,2,12,5,'2024-07-01 17:06:14','2024-07-31 16:42:15','ativa'),(3,'LARAIA',NULL,1,2,26,'2024-07-01 18:01:53','2024-07-01 22:47:18','ativa'),(4,'MENDES',NULL,1,3,27,'2024-07-01 18:02:13','2024-07-01 22:47:25','ativa'),(5,'LEOPOLDINO',NULL,1,3,4,'2024-07-01 18:02:33','2024-07-01 18:02:33','ativa'),(6,'CONSENTINO',NULL,1,3,11,'2024-07-01 21:54:02','2024-07-01 21:54:02','ativa'),(7,'FERNANDEZ',NULL,1,4,3,'2024-07-01 21:54:30','2024-07-01 21:54:30','ativa'),(8,'MOCHIZUKI',NULL,1,4,20,'2024-07-01 21:54:48','2024-07-01 21:54:48','ativa'),(9,'VIANA',NULL,1,4,2,'2024-07-01 21:55:15','2024-07-01 21:55:15','ativa'),(10,'SOUZA',NULL,1,5,17,'2024-07-01 21:55:36','2024-07-01 21:55:36','ativa'),(11,'CARDOSO',NULL,1,5,9,'2024-07-01 21:55:48','2024-07-01 21:55:48','ativa'),(12,'LOCIMAR',NULL,1,5,24,'2024-07-01 21:56:04','2024-07-01 21:56:04','ativa'),(13,'FERRARI',NULL,1,5,1,'2024-07-01 21:56:21','2024-07-01 21:56:21','ativa'),(14,'ZANELATTO',NULL,1,8,28,'2024-07-01 21:56:46','2024-07-01 22:47:42','ativa'),(15,'ELIAN',213,2,13,30,'2024-07-01 23:01:13','2024-07-01 23:04:02','ativa'),(16,'RUDIMAR',NULL,1,4,10,'2024-07-03 17:12:28','2024-07-03 17:12:28','ativa'),(17,'EMANUEL',601,4,14,32,'2024-07-15 19:10:46','2024-07-15 19:10:46','ativa'),(18,'DA CRUZ',602,4,14,32,'2024-07-15 19:11:07','2024-07-15 19:11:07','ativa'),(19,'LEUCH',603,4,14,32,'2024-07-15 19:11:54','2024-07-15 19:11:54','ativa'),(20,'TOSHIHIKO',604,4,14,32,'2024-07-15 19:12:36','2024-07-15 19:12:36','ativa'),(21,'BARBOSA',605,4,14,32,'2024-07-15 19:12:54','2024-07-15 19:12:54','ativa'),(22,'IDA',606,4,14,32,'2024-07-15 19:13:06','2024-07-15 19:13:06','ativa'),(23,'MIGUEL',607,4,14,32,'2024-07-15 19:13:23','2024-07-15 19:13:23','ativa'),(24,'NATHANAEL',608,4,14,32,'2024-07-15 19:13:54','2024-07-15 19:13:54','ativa'),(25,'HADYSON',609,4,14,32,'2024-07-15 19:14:14','2024-07-15 19:14:14','ativa'),(26,'PRESTES',610,4,14,32,'2024-07-15 19:14:40','2024-07-15 19:14:40','ativa'),(27,'KOSECHEM',611,4,14,32,'2024-07-15 19:15:08','2024-07-15 19:15:08','ativa'),(28,'H OLIVEIRA',612,4,14,32,'2024-07-15 19:15:28','2024-07-15 19:15:28','ativa'),(29,'SOARES',613,4,14,32,'2024-07-15 19:15:47','2024-07-15 19:15:47','ativa'),(30,'OBAL',614,4,14,32,'2024-07-15 19:16:02','2024-07-15 19:16:02','ativa'),(31,'ANTONICHEN',615,4,14,32,'2024-07-15 19:16:44','2024-07-15 19:16:44','ativa'),(32,'SEBASTIÃO',616,4,14,32,'2024-07-15 19:17:03','2024-07-15 19:17:03','ativa'),(33,'NETO BIRES',617,4,14,32,'2024-07-15 19:17:23','2024-07-15 19:17:23','ativa'),(34,'MISS',618,4,14,32,'2024-07-15 19:17:37','2024-07-15 19:17:37','ativa'),(35,'ISAEL',619,4,14,32,'2024-07-15 19:18:00','2024-07-15 19:18:00','ativa'),(36,'IVANOR',620,4,14,32,'2024-07-15 19:18:19','2024-07-15 19:18:19','ativa'),(37,'JACO NETO',621,4,14,32,'2024-07-15 19:18:42','2024-07-15 19:18:42','ativa'),(38,'JARDEL',622,4,14,32,'2024-07-15 19:19:07','2024-07-15 19:19:07','ativa'),(39,'CARLOS',623,4,14,32,'2024-07-15 19:20:09','2024-07-15 19:20:09','ativa'),(40,'STADLER',624,4,14,32,'2024-07-15 19:20:30','2024-07-15 19:20:30','ativa'),(41,'LESS CLEMENTE',625,4,14,32,'2024-07-15 19:20:52','2024-07-15 19:20:52','ativa'),(42,'ZAPAOVSKI',626,4,14,32,'2024-07-15 19:21:15','2024-07-15 19:21:15','ativa'),(43,'JHONI FERREIRA',627,4,14,32,'2024-07-15 19:21:36','2024-07-15 19:21:36','ativa'),(44,'P NASCIMENTO',628,4,14,32,'2024-07-15 19:21:57','2024-07-15 19:21:57','ativa'),(45,'C GUNHA',629,4,14,32,'2024-07-15 19:22:14','2024-07-15 19:22:14','ativa'),(46,'JOÃO EDUARDO',630,4,14,32,'2024-07-15 19:22:33','2024-07-15 19:22:33','ativa'),(47,'CAMARGO SILVA',632,4,14,32,'2024-07-15 19:23:08','2024-07-15 19:23:08','ativa'),(48,'DE OLIVEIRA',634,4,14,32,'2024-07-15 19:23:30','2024-07-15 19:23:30','ativa'),(49,'GUSTAVO FERREIRA',635,4,14,32,'2024-07-15 19:23:51','2024-07-15 19:23:51','ativa'),(50,'IASTRENSKI',636,4,14,32,'2024-07-15 19:24:30','2024-07-15 19:24:30','ativa'),(51,'JUMA',637,4,14,32,'2024-07-15 19:24:45','2024-07-15 19:24:45','ativa'),(52,'SILVERIO',638,4,14,32,'2024-07-15 19:25:03','2024-07-15 19:25:03','ativa'),(53,'TAVARES',639,4,14,32,'2024-07-15 19:25:20','2024-07-15 19:25:20','ativa'),(54,'JOCIEL',640,4,14,32,'2024-07-15 19:25:47','2024-07-15 19:25:47','ativa'),(55,'TUSSI HARDT',641,4,14,32,'2024-07-15 19:27:03','2024-07-15 19:27:03','ativa'),(56,'ZANELLA',642,4,14,32,'2024-07-15 19:27:36','2024-07-15 19:27:36','ativa'),(57,'CRISTOFER ROSA',643,4,14,32,'2024-07-15 19:28:05','2024-07-15 19:28:05','ativa'),(58,'DE LIMA',644,4,14,32,'2024-07-15 19:28:19','2024-07-15 19:28:19','ativa'),(59,'DE SIQUEIRA',645,4,14,32,'2024-07-15 19:28:35','2024-07-15 19:28:35','ativa'),(60,'KRIGER',646,4,14,32,'2024-07-15 19:28:54','2024-07-15 19:28:54','ativa'),(61,'OSVALDO FILHO',647,4,14,32,'2024-07-15 19:29:10','2024-07-15 19:29:10','ativa'),(62,'RODOLPHO',648,4,14,32,'2024-07-15 19:29:28','2024-07-15 19:29:28','ativa'),(63,'JULIANO',649,4,14,32,'2024-07-15 19:29:40','2024-07-15 19:29:40','ativa'),(64,'DOS REIS',650,4,14,32,'2024-07-15 19:29:58','2024-07-15 19:29:58','ativa'),(65,'ABRÃO',651,4,14,32,'2024-07-15 19:30:19','2024-07-15 19:30:19','ativa'),(66,'K CABRAL',652,4,14,32,'2024-07-15 19:31:04','2024-07-15 19:31:04','ativa'),(67,'SCHIMMELFENNIG',654,4,14,32,'2024-07-15 19:31:43','2024-07-15 19:31:43','ativa'),(68,'DE PAULA',656,4,14,32,'2024-07-15 19:31:58','2024-07-15 19:31:58','ativa'),(69,'LIMA OLIVEIRA',657,4,14,32,'2024-07-15 19:32:18','2024-07-15 19:32:18','ativa'),(70,'KURT',658,4,14,32,'2024-07-15 19:32:33','2024-07-15 19:32:33','ativa'),(71,'LARSON',659,4,14,32,'2024-07-15 19:32:48','2024-07-15 19:32:48','ativa'),(72,'VEBER',661,4,14,32,'2024-07-15 19:33:06','2024-07-15 19:33:06','ativa'),(73,'LEO MAURER',662,4,14,32,'2024-07-15 19:33:24','2024-07-15 19:33:24','ativa'),(74,'IAVARSKI',663,4,14,32,'2024-07-15 19:33:46','2024-07-15 19:33:46','ativa'),(75,'L SOUZA',666,4,14,32,'2024-07-15 19:34:10','2024-07-15 19:34:10','ativa'),(76,'OLIVEIRA ANDRADE',667,4,14,32,'2024-07-15 19:34:36','2024-07-15 19:34:36','ativa'),(77,'STOCKI NETO',668,4,14,32,'2024-07-15 19:34:59','2024-07-15 19:34:59','ativa'),(78,'CORDEIRO',669,4,14,32,'2024-07-15 19:35:27','2024-07-15 19:35:27','ativa'),(79,'A GALVAO',670,4,14,32,'2024-07-15 19:35:46','2024-07-15 19:35:46','ativa'),(80,'LUCAS ALEXANDRE',673,4,14,32,'2024-07-15 19:36:05','2024-07-15 19:36:05','ativa'),(81,'HOPKO BILLECK',674,4,14,32,'2024-07-15 19:36:30','2024-07-15 19:36:30','ativa'),(82,'GUILHERME',675,4,14,32,'2024-07-15 19:36:58','2024-07-15 19:36:58','ativa'),(83,'DIAS FIUZA',676,4,14,32,'2024-07-15 19:37:15','2024-07-15 19:37:15','ativa'),(84,'DENCK',677,4,14,32,'2024-07-15 19:37:29','2024-07-15 19:37:29','ativa'),(85,'RIBAS',202,4,13,32,'2024-07-15 19:37:52','2024-07-15 19:37:52','ativa'),(86,'POOL',205,4,13,14,'2024-07-15 19:38:04','2024-07-15 19:39:21','ativa'),(87,'JOÃO CORDEIRO',210,4,13,23,'2024-07-15 19:39:52','2024-07-15 19:39:52','ativa'),(88,'WILMAR',212,4,13,32,'2024-07-15 19:40:08','2024-07-15 19:40:08','ativa'),(89,'LUIZ CORREA',232,4,13,22,'2024-07-15 19:40:33','2024-07-15 19:44:11','ativa'),(90,'RAFAEL CAMPOS',636,4,13,32,'2024-07-15 19:40:49','2024-07-15 19:51:38','inativo'),(91,'HORST',637,4,13,23,'2024-07-15 19:41:07','2024-07-15 19:52:14','inativo'),(92,'EZEQUIEL',628,4,13,32,'2024-07-15 19:41:49','2024-07-15 19:52:44','inativo'),(93,'AGOSTINHO',240,4,13,32,'2024-07-15 19:42:06','2024-07-15 19:42:06','ativa'),(94,'LUIZ',241,4,13,32,'2024-07-15 19:42:25','2024-07-15 19:42:25','ativa'),(95,'CECCHIN',251,4,13,16,'2024-07-15 19:43:25','2024-07-15 19:43:38','ativa'),(96,'DE SOUZA',259,4,13,14,'2024-07-15 19:46:38','2024-07-15 19:46:38','ativa'),(97,'G RODRIGUES',261,4,13,10,'2024-07-15 19:48:50','2024-07-15 19:48:50','ativa'),(98,'DE ASSIS',264,4,10,32,'2024-07-15 19:49:11','2024-07-15 19:49:29','inativo'),(99,'DE ASSIS',264,4,13,32,'2024-07-15 19:49:51','2024-07-15 19:49:51','ativa'),(100,'RHAI CORREA',266,4,13,32,'2024-07-15 19:50:05','2024-07-15 19:50:05','ativa'),(101,'FAGUNDES',267,4,13,32,'2024-07-15 19:50:22','2024-07-15 19:50:22','ativa'),(102,'FIUZA',269,4,13,32,'2024-07-15 19:50:36','2024-07-15 19:50:36','ativa'),(103,'GONÇALVES',273,4,13,32,'2024-07-15 19:51:02','2024-07-15 19:51:02','ativa'),(104,'FRIDRYSCEVSKI',284,4,13,32,'2024-07-15 19:51:25','2024-07-15 19:51:25','ativa'),(105,'RAFAEL CAMPOS',236,4,13,32,'2024-07-15 19:52:02','2024-07-15 19:52:02','ativa'),(106,'HORST',237,4,13,23,'2024-07-15 19:52:34','2024-07-15 19:52:34','ativa'),(107,'EZEQUIEL',238,4,13,32,'2024-07-15 19:53:02','2024-07-15 19:53:02','ativa'),(108,'FELIPE LIMA',100,4,12,32,'2024-07-15 19:53:49','2024-07-15 19:53:49','ativa'),(109,'METZGER',105,4,12,23,'2024-07-15 19:54:06','2024-07-15 19:54:06','ativa'),(110,'DEFLON',107,4,12,23,'2024-07-15 19:54:25','2024-07-15 19:54:25','ativa'),(111,'GEOVANE',108,4,12,32,'2024-07-15 19:54:40','2024-07-15 19:54:40','ativa'),(112,'T DOMINGUES',122,4,12,32,'2024-07-15 19:54:59','2024-07-15 19:54:59','ativa'),(113,'ELIANDRO',123,4,12,32,'2024-07-15 19:55:14','2024-07-15 19:55:14','ativa'),(114,'ALBINO',128,4,12,32,'2024-07-15 19:55:31','2024-07-15 19:55:31','ativa'),(115,'FORNAZARI',129,4,12,32,'2024-07-15 19:55:52','2024-07-15 19:55:52','ativa'),(116,'GABOARDI',131,4,12,32,'2024-07-15 19:56:09','2024-07-15 19:56:09','ativa'),(117,'BATISTA',135,4,12,32,'2024-07-15 19:56:28','2024-07-15 19:56:28','ativa'),(118,'LIMA SANTOS',136,4,12,32,'2024-07-15 19:56:53','2024-07-15 19:56:53','ativa'),(119,'STANSKI',140,4,12,32,'2024-07-15 19:57:14','2024-07-15 19:57:14','ativa'),(120,'GLEDSON',NULL,4,9,23,'2024-07-15 19:58:12','2024-07-15 19:58:12','ativa'),(121,'LUPEPSA',NULL,4,10,1,'2024-07-15 19:58:33','2024-07-15 19:58:33','ativa'),(122,'DIEGO MARQUES',NULL,4,10,32,'2024-07-15 19:59:08','2024-07-15 19:59:08','ativa'),(123,'J FERREIRA',NULL,4,10,32,'2024-07-15 19:59:24','2024-07-15 19:59:24','ativa'),(124,'VINICIUS GONÇALVES',NULL,4,10,32,'2024-07-15 19:59:45','2024-07-15 19:59:45','ativa'),(125,'BRANDT',NULL,4,10,32,'2024-07-15 20:00:04','2024-07-15 20:00:04','ativa'),(126,'RODINELLY',NULL,4,10,32,'2024-07-15 20:00:22','2024-07-15 20:00:22','ativa'),(127,'CARLOS ALBERTO',NULL,4,10,32,'2024-07-15 20:00:37','2024-07-15 20:00:37','ativa'),(128,'LUIZ CARLOS',NULL,4,10,32,'2024-07-15 20:00:49','2024-07-15 20:00:49','ativa'),(129,'MARCOS',NULL,4,11,32,'2024-07-15 20:01:03','2024-07-15 20:01:03','ativa'),(130,'DENCK',NULL,4,11,32,'2024-07-15 20:01:22','2024-07-15 20:01:22','ativa'),(131,'MARTIRES',NULL,4,11,32,'2024-07-15 20:02:36','2024-07-15 20:02:36','ativa'),(132,'HEVERTON GOMES',NULL,4,11,32,'2024-07-15 20:02:53','2024-07-15 20:02:53','ativa'),(133,'FELIPE',NULL,4,11,32,'2024-07-15 20:03:05','2024-07-15 20:03:05','ativa'),(134,'WELITON',NULL,4,11,32,'2024-07-15 20:03:26','2024-07-15 20:03:26','ativa'),(135,'PAULIK',NULL,4,11,32,'2024-07-15 20:03:42','2024-07-15 20:03:42','ativa'),(136,'HONÓRIO',NULL,4,11,32,'2024-07-15 20:04:00','2024-07-15 20:04:00','ativa'),(137,'MARTINELI',NULL,4,11,32,'2024-07-15 20:04:13','2024-07-15 20:04:13','ativa'),(138,'ALMEIDA',NULL,4,11,32,'2024-07-15 20:04:23','2024-07-15 20:04:23','ativa'),(139,'LAYON',NULL,4,11,32,'2024-07-15 20:04:36','2024-07-15 20:04:36','ativa'),(140,'GALLETTI',NULL,4,4,29,'2024-07-15 20:05:15','2024-07-15 22:58:48','ativa'),(141,'MANZATO',NULL,4,5,32,'2024-07-15 20:05:31','2024-07-15 20:05:31','ativa'),(142,'ALEXSANDER',NULL,4,7,32,'2024-07-15 20:05:50','2024-07-15 20:05:50','ativa'),(143,'DE RAMOS',103,2,12,22,'2024-07-31 16:24:32','2024-07-31 16:24:32','ativa'),(144,'MARCHEL',NULL,2,5,32,'2024-07-31 16:39:10','2024-07-31 16:39:10','ativa'),(145,'SUMAIO',NULL,2,5,6,'2024-07-31 16:39:50','2024-07-31 16:39:50','ativa'),(146,'FELIPETO',NULL,2,5,25,'2024-07-31 16:40:23','2024-07-31 16:40:23','ativa'),(147,'FIOR SILVA',NULL,2,5,21,'2024-07-31 16:40:46','2024-07-31 16:40:46','ativa'),(148,'GENES',NULL,2,5,14,'2024-07-31 16:41:07','2024-07-31 16:41:07','ativa'),(149,'MARTIRE',NULL,2,5,32,'2024-07-31 16:41:34','2024-07-31 16:41:34','ativa'),(150,'LUIZA',NULL,2,6,19,'2024-07-31 16:41:55','2024-07-31 16:41:55','ativa'),(151,'DETONI',NULL,2,6,10,'2024-07-31 16:42:35','2024-07-31 16:42:35','ativa'),(152,'LUIS GUSTAVO',NULL,2,6,7,'2024-07-31 16:42:57','2024-07-31 16:42:57','ativa'),(153,'CARNEIRO',NULL,2,6,32,'2024-07-31 16:43:22','2024-07-31 16:43:22','ativa'),(154,'ANDERSON',NULL,2,8,16,'2024-07-31 16:43:41','2024-07-31 16:43:41','ativa'),(155,'PETERSON',NULL,2,8,4,'2024-07-31 16:44:04','2024-07-31 16:44:04','ativa'),(156,'DERLAN',NULL,2,8,2,'2024-07-31 16:44:24','2024-07-31 16:44:24','ativa'),(157,'WOIDELO',NULL,2,9,1,'2024-07-31 16:45:27','2024-07-31 16:45:27','ativa'),(158,'CALDAS',NULL,2,9,24,'2024-07-31 16:46:51','2024-07-31 16:46:51','ativa'),(159,'HENDSON',NULL,2,9,4,'2024-07-31 16:47:20','2024-07-31 16:47:20','ativa'),(160,'HEVERTON',NULL,2,9,19,'2024-07-31 16:47:39','2024-07-31 16:47:39','ativa'),(161,'FAGNER',NULL,2,9,23,'2024-07-31 16:48:02','2024-07-31 16:48:02','ativa'),(162,'ARGEU',NULL,2,10,20,'2024-07-31 16:48:22','2024-07-31 16:48:22','ativa'),(163,'R. PEDROSO',NULL,2,10,14,'2024-07-31 16:48:43','2024-07-31 16:48:43','ativa'),(164,'EICHHOLZ',NULL,2,10,9,'2024-07-31 16:49:09','2024-07-31 16:49:09','ativa'),(165,'PONTES',NULL,2,10,2,'2024-07-31 16:49:24','2024-07-31 16:49:24','ativa'),(166,'ERON',NULL,2,10,22,'2024-07-31 16:49:41','2024-07-31 16:49:41','ativa'),(167,'GOROSITO',NULL,2,10,7,'2024-07-31 16:49:58','2024-07-31 16:49:58','ativa'),(168,'BORDINHÃO',NULL,2,11,21,'2024-07-31 16:52:31','2024-07-31 16:52:31','ativa'),(169,'TOLENTINO',NULL,2,11,16,'2024-07-31 16:53:01','2024-07-31 16:53:01','ativa'),(170,'BOSCHIGLIA',NULL,2,11,10,'2024-07-31 16:54:05','2024-07-31 16:54:05','ativa'),(171,'VIEIRA',NULL,2,11,7,'2024-07-31 16:54:41','2024-07-31 16:54:41','ativa'),(172,'MAISA COIMBRA',NULL,2,11,4,'2024-07-31 16:55:05','2024-07-31 16:55:05','ativa'),(173,'CORTES',NULL,2,11,21,'2024-07-31 16:55:23','2024-07-31 16:55:23','ativa'),(174,'GONÇALVES',NULL,2,11,16,'2024-07-31 16:55:43','2024-07-31 16:55:43','ativa'),(175,'VIER',NULL,2,11,14,'2024-07-31 16:57:22','2024-07-31 16:57:22','ativa'),(176,'KOWALSKI',NULL,2,11,32,'2024-07-31 16:58:06','2024-07-31 16:58:06','ativa'),(177,'ANDERSON LIMA',NULL,2,11,8,'2024-07-31 16:59:01','2024-07-31 16:59:01','ativa'),(178,'BOLSAN',NULL,2,11,1,'2024-07-31 16:59:54','2024-07-31 16:59:54','ativa'),(179,'XIMENES',NULL,2,11,32,'2024-07-31 17:01:12','2024-07-31 17:01:12','ativa'),(180,'QUEIROZ',NULL,2,11,11,'2024-07-31 17:02:31','2024-07-31 17:02:31','ativa'),(181,'WILLIAN',NULL,2,11,7,'2024-07-31 17:02:55','2024-07-31 17:02:55','ativa'),(182,'BARBARA',NULL,2,11,14,'2024-07-31 17:03:16','2024-07-31 17:03:16','ativa'),(183,'ALYSSON',NULL,2,11,32,'2024-07-31 17:03:45','2024-07-31 17:03:45','ativa'),(184,'CABRAL',401,2,14,32,'2024-07-31 17:05:35','2024-07-31 17:05:35','ativa'),(185,'LACHESKI',402,2,13,32,'2024-07-31 17:06:33','2024-07-31 17:06:33','ativa'),(186,'DE SOUZA',403,2,14,32,'2024-07-31 17:07:09','2024-07-31 17:07:09','ativa'),(187,'WESLEY',NULL,2,11,6,'2024-07-31 17:07:21','2024-07-31 17:07:21','ativa'),(188,'ADRIAN',404,2,14,32,'2024-07-31 17:07:34','2024-07-31 17:07:34','ativa'),(189,'CARVALHO',NULL,2,11,19,'2024-07-31 17:08:13','2024-07-31 17:08:13','ativa'),(190,'FELIPE GONÇALVES',405,1,14,32,'2024-07-31 17:08:16','2024-07-31 17:08:16','ativa'),(191,'SANTOS',NULL,2,11,7,'2024-07-31 17:08:38','2024-07-31 17:08:38','ativa'),(192,'R. OLIVEIRA',406,2,14,32,'2024-07-31 17:08:49','2024-07-31 17:08:49','ativa'),(193,'TRIANOSKI',NULL,2,11,32,'2024-07-31 17:08:54','2024-07-31 17:08:54','ativa'),(194,'WARGENHAK',407,2,14,32,'2024-07-31 17:09:15','2024-07-31 17:09:15','ativa'),(195,'FREIRE',NULL,2,11,18,'2024-07-31 17:09:19','2024-07-31 17:09:19','ativa'),(196,'LINO',NULL,2,11,8,'2024-07-31 17:09:49','2024-07-31 17:09:49','ativa'),(197,'LOPES',409,2,14,32,'2024-07-31 17:09:57','2024-07-31 17:09:57','ativa'),(198,'MIOTTO',101,2,12,32,'2024-07-31 17:10:07','2024-07-31 17:10:41','ativa'),(199,'REIS',410,2,14,32,'2024-07-31 17:10:15','2024-07-31 17:10:15','ativa'),(200,'LUCAS MENDES',102,2,12,14,'2024-07-31 17:10:29','2024-07-31 17:10:29','ativa'),(201,'KULTZ',411,2,14,32,'2024-07-31 17:10:46','2024-07-31 17:10:46','ativa'),(202,'BRENO',104,2,12,23,'2024-07-31 17:11:03','2024-07-31 17:11:03','ativa'),(203,'EDUARDO SOUZA',110,2,12,16,'2024-07-31 17:11:25','2024-07-31 17:11:25','ativa'),(204,'FRANÇA',412,2,14,32,'2024-07-31 17:11:38','2024-07-31 17:11:38','ativa'),(205,'BAIL',112,2,12,8,'2024-07-31 17:11:43','2024-07-31 17:11:43','ativa'),(206,'ROGMBAU',113,2,12,18,'2024-07-31 17:12:04','2024-07-31 17:12:04','ativa'),(207,'FRANCO',413,2,14,32,'2024-07-31 17:12:05','2024-07-31 17:12:05','ativa'),(208,'FELIPE SANTOS',116,2,12,22,'2024-07-31 17:12:28','2024-07-31 17:12:28','ativa'),(209,'ELIEZER',414,2,14,32,'2024-07-31 17:12:30','2024-07-31 17:12:30','ativa'),(210,'SIMION',117,2,12,3,'2024-07-31 17:12:44','2024-07-31 17:12:44','ativa'),(211,'MORETTI',415,2,14,32,'2024-07-31 17:12:53','2024-07-31 17:12:53','ativa'),(212,'SABOIA',119,2,12,14,'2024-07-31 17:13:00','2024-07-31 17:13:00','ativa'),(213,'GODÓI',416,2,14,32,'2024-07-31 17:13:18','2024-07-31 17:13:18','ativa'),(214,'HELENO',121,2,12,14,'2024-07-31 17:13:23','2024-07-31 17:13:23','ativa'),(215,'BINI',124,2,12,9,'2024-07-31 17:13:43','2024-07-31 17:13:43','ativa'),(216,'MUSSIO',417,2,14,32,'2024-07-31 17:13:59','2024-07-31 17:13:59','ativa'),(217,'BRITO',125,2,12,23,'2024-07-31 17:14:02','2024-07-31 17:14:02','ativa'),(218,'BRUNO ANDRADE',418,2,14,32,'2024-07-31 17:14:21','2024-07-31 17:14:21','ativa'),(219,'SCHRAM',127,2,12,19,'2024-07-31 17:14:32','2024-07-31 17:14:32','ativa'),(220,'ALENSKI',419,2,14,32,'2024-07-31 17:14:48','2024-07-31 17:14:48','ativa'),(221,'DE MATOS',130,2,12,7,'2024-07-31 17:14:51','2024-07-31 17:15:04','ativa'),(222,'ROSSANELI',420,2,13,32,'2024-07-31 17:15:13','2024-07-31 17:15:13','ativa'),(223,'STORI',133,2,12,23,'2024-07-31 17:15:25','2024-07-31 17:15:25','ativa'),(224,'SILVEIRA',421,2,14,32,'2024-07-31 17:15:41','2024-07-31 17:15:41','ativa'),(225,'KUDZIA',422,2,14,32,'2024-07-31 17:16:06','2024-07-31 17:16:06','ativa'),(226,'ORLOVSKI',423,2,14,32,'2024-07-31 17:16:36','2024-07-31 17:16:36','ativa'),(227,'KRAKOVSKI',138,2,12,31,'2024-07-31 17:16:39','2024-07-31 17:16:39','ativa'),(228,'CARLOS EDUARDO',424,2,14,32,'2024-07-31 17:17:06','2024-07-31 17:17:06','ativa'),(229,'ERLON',139,2,12,1,'2024-07-31 17:17:18','2024-07-31 17:17:18','ativa'),(230,'SIQUEIRA',425,2,14,32,'2024-07-31 17:17:28','2024-07-31 17:17:28','ativa'),(231,'LINHARES',203,2,13,19,'2024-07-31 17:17:41','2024-07-31 17:17:41','ativa'),(232,'BRASIL',204,2,13,31,'2024-07-31 17:18:00','2024-07-31 17:18:00','ativa'),(233,'OPUSHKEVITCH',427,2,14,32,'2024-07-31 17:18:10','2024-07-31 17:18:10','ativa'),(234,'RIBEIRO',207,2,13,31,'2024-07-31 17:18:23','2024-07-31 17:18:23','ativa'),(235,'MIRANDA',428,2,14,32,'2024-07-31 17:18:37','2024-07-31 17:18:37','ativa'),(236,'VITOR CAMPOS',215,2,13,7,'2024-07-31 17:18:49','2024-07-31 17:18:49','ativa'),(237,'COLAÇO',429,2,14,32,'2024-07-31 17:18:58','2024-07-31 17:18:58','ativa'),(238,'BOBALO',217,2,13,14,'2024-07-31 17:19:08','2024-07-31 17:19:08','ativa'),(239,'SAVIO',430,2,14,32,'2024-07-31 17:19:29','2024-07-31 17:19:29','ativa'),(240,'MANOEL',219,2,12,23,'2024-07-31 17:19:44','2024-07-31 17:19:44','ativa'),(241,'DANILO SANTOS',431,2,14,32,'2024-07-31 17:19:53','2024-07-31 17:19:53','ativa'),(242,'DENICIEVICZ',432,2,14,32,'2024-07-31 17:20:26','2024-07-31 17:20:26','ativa'),(243,'G. SANTOS',224,2,13,22,'2024-07-31 17:20:43','2024-07-31 17:20:43','ativa'),(244,'CASTRO',433,2,14,32,'2024-07-31 17:20:47','2024-07-31 17:20:47','ativa'),(245,'DAYAN',434,2,14,32,'2024-07-31 17:21:08','2024-07-31 17:21:08','ativa'),(246,'DEIVID',435,2,14,32,'2024-07-31 17:21:26','2024-07-31 17:21:26','ativa'),(247,'BAHLS',225,2,13,17,'2024-07-31 17:21:43','2024-07-31 17:21:43','ativa'),(248,'WROBLEWSKI',436,1,14,32,'2024-07-31 17:21:54','2024-07-31 17:21:54','ativa'),(249,'PONTAROLO',437,2,14,32,'2024-07-31 17:22:12','2024-07-31 17:22:12','ativa'),(250,'MARIANO',226,2,13,13,'2024-07-31 17:22:16','2024-07-31 17:22:16','ativa'),(251,'TRAIANO',438,2,14,32,'2024-07-31 17:22:32','2024-07-31 17:22:32','ativa'),(252,'DANIEL',228,2,13,14,'2024-07-31 17:22:53','2024-07-31 17:22:53','ativa'),(253,'FRANCCIESCO',439,2,14,32,'2024-07-31 17:22:59','2024-07-31 17:22:59','ativa'),(254,'J. CARVALHO',229,2,13,19,'2024-07-31 17:23:15','2024-07-31 17:23:27','ativa'),(255,'DOMINI',440,2,14,32,'2024-07-31 17:23:22','2024-07-31 17:23:22','ativa'),(256,'JACOB',230,2,13,1,'2024-07-31 17:23:44','2024-07-31 17:23:44','ativa'),(257,'DOMONIQUE',441,2,14,32,'2024-07-31 17:23:47','2024-07-31 17:23:47','ativa'),(258,'DIAS',231,2,13,6,'2024-07-31 17:24:11','2024-07-31 17:24:11','ativa'),(259,'EDUARDO SANTOS',442,2,14,32,'2024-07-31 17:24:14','2024-07-31 17:24:14','ativa'),(260,'JEAN',233,2,13,19,'2024-07-31 17:24:29','2024-07-31 17:24:29','ativa'),(261,'DE PAULA',443,2,14,32,'2024-07-31 17:24:33','2024-07-31 17:24:33','ativa'),(262,'RABELO',444,2,14,32,'2024-07-31 17:24:50','2024-07-31 17:24:50','ativa'),(263,'FONSECA',243,2,13,7,'2024-07-31 17:24:50','2024-07-31 17:24:50','ativa'),(264,'TRAPLE',445,2,14,32,'2024-07-31 17:25:08','2024-07-31 17:25:08','ativa'),(265,'ALDENEI',246,2,13,19,'2024-07-31 17:25:09','2024-07-31 17:25:09','ativa'),(266,'NICKEL',249,2,13,14,'2024-07-31 17:25:29','2024-07-31 17:25:29','ativa'),(267,'NAVROSKI',446,2,14,32,'2024-07-31 17:25:50','2024-07-31 19:53:26','ativa'),(268,'BIANKI',256,5,13,22,'2024-07-31 19:41:44','2024-07-31 19:41:44','ativa'),(269,'FRANKLIN',NULL,5,4,29,'2024-07-31 19:43:22','2024-07-31 19:43:22','ativa'),(270,'SANTANA',NULL,5,5,NULL,'2024-07-31 19:45:43','2024-07-31 19:45:43','ativa'),(271,'SANTANA',NULL,5,5,NULL,'2024-07-31 19:45:48','2024-07-31 20:23:20','inativo'),(272,'ROSSO',NULL,5,6,NULL,'2024-07-31 19:46:29','2024-07-31 19:46:29','ativa'),(273,'FIGUEIREDO',260,2,13,19,'2024-07-31 19:46:49','2024-07-31 19:46:49','ativa'),(274,'MINOSSO',268,2,13,24,'2024-07-31 19:47:27','2024-07-31 19:47:27','ativa'),(275,'CAVALIERI',NULL,5,6,NULL,'2024-07-31 19:47:56','2024-07-31 19:47:56','ativa'),(276,'CHARNIK',270,2,13,7,'2024-07-31 19:47:57','2024-07-31 19:47:57','ativa'),(277,'RUDNICKI',272,2,13,14,'2024-07-31 19:48:24','2024-07-31 19:48:24','ativa'),(278,'CAMARGO',277,2,13,14,'2024-07-31 19:48:47','2024-07-31 19:48:47','ativa'),(279,'KRESTZEL',NULL,5,8,25,'2024-07-31 19:48:57','2024-07-31 19:48:57','ativa'),(280,'CAINÃ',286,2,13,14,'2024-07-31 19:49:11','2024-07-31 19:49:11','ativa'),(281,'JACQUES',NULL,5,9,23,'2024-07-31 19:49:18','2024-07-31 19:49:18','ativa'),(282,'LITTIG',NULL,5,10,21,'2024-07-31 19:50:17','2024-07-31 19:50:17','ativa'),(283,'SAMMY',NULL,5,10,21,'2024-07-31 19:50:42','2024-07-31 19:50:42','ativa'),(284,'MATOS',NULL,5,10,22,'2024-07-31 19:50:56','2024-07-31 19:50:56','ativa'),(285,'ZANON',NULL,5,10,1,'2024-07-31 19:51:18','2024-07-31 19:51:18','ativa'),(286,'BLERA',NULL,5,10,20,'2024-07-31 19:51:38','2024-07-31 19:51:38','ativa'),(287,'DOS SANTOS',1418,2,13,7,'2024-07-31 19:52:27','2024-07-31 19:52:27','ativa'),(288,'MANDU',NULL,5,10,18,'2024-07-31 19:52:41','2024-07-31 19:52:41','ativa'),(289,'LUIZ CARVALHO',NULL,5,11,11,'2024-07-31 19:53:19','2024-07-31 19:53:19','ativa'),(290,'EMANOEL',447,2,14,32,'2024-07-31 19:58:56','2024-07-31 19:58:56','ativa'),(291,'PAUZER',448,2,14,32,'2024-07-31 19:59:18','2024-07-31 19:59:18','ativa'),(292,'SCHIBILSKI',449,2,14,32,'2024-07-31 20:00:20','2024-07-31 20:00:20','ativa'),(293,'PASQUAL',450,2,14,32,'2024-07-31 20:00:41','2024-07-31 20:00:41','ativa'),(294,'PASSOS',451,2,14,32,'2024-07-31 20:01:00','2024-07-31 20:01:00','ativa'),(295,'ROCHA',452,2,14,32,'2024-07-31 20:01:23','2024-07-31 20:01:23','ativa'),(296,'KANAREK',453,2,14,32,'2024-07-31 20:01:41','2024-07-31 20:01:41','ativa'),(297,'ERNANDI',454,2,14,32,'2024-07-31 20:01:59','2024-07-31 20:01:59','ativa'),(298,'DAL POSSO',455,2,14,32,'2024-07-31 20:02:22','2024-07-31 20:02:22','ativa'),(299,'ALONÇO',456,2,14,32,'2024-07-31 20:02:42','2024-07-31 20:02:42','ativa'),(300,'PEREIRA',457,2,14,32,'2024-07-31 20:02:58','2024-07-31 20:02:58','ativa'),(301,'TRACZ',458,2,14,32,'2024-07-31 20:03:18','2024-07-31 20:03:18','ativa'),(302,'FERNANDO',459,2,14,32,'2024-07-31 20:03:50','2024-07-31 20:03:50','ativa'),(303,'LIMA',460,2,14,32,'2024-07-31 20:04:31','2024-07-31 20:04:31','ativa'),(304,'BERNAR',461,2,14,32,'2024-07-31 20:04:48','2024-07-31 20:04:48','ativa'),(305,'QUEMUEL',462,2,14,32,'2024-07-31 20:05:09','2024-07-31 20:05:09','ativa'),(306,'DE OLIVEIRA',463,2,14,32,'2024-07-31 20:05:29','2024-07-31 20:05:29','ativa'),(307,'PRADO',466,2,14,32,'2024-07-31 20:05:46','2024-07-31 20:05:46','ativa'),(308,'THIERRI',467,2,14,32,'2024-07-31 20:07:04','2024-07-31 20:07:04','ativa'),(309,'GEFERSON',468,2,14,32,'2024-07-31 20:07:21','2024-07-31 20:07:21','ativa'),(310,'GIULIAN',469,2,14,32,'2024-07-31 20:07:44','2024-07-31 20:07:44','ativa'),(311,'KAIRON',470,2,14,32,'2024-07-31 20:08:00','2024-07-31 20:08:00','ativa'),(312,'KUCIEMBA',471,2,14,32,'2024-07-31 20:08:18','2024-07-31 20:08:18','ativa'),(313,'BRAZ MIRANDA',472,2,14,32,'2024-07-31 20:21:50','2024-07-31 20:21:50','ativa'),(314,'KUCHAR',473,2,14,32,'2024-07-31 20:22:20','2024-07-31 20:22:20','ativa'),(315,'LUAN',476,2,14,32,'2024-07-31 20:23:22','2024-07-31 20:23:22','ativa'),(316,'LUIS EDUARDO',477,2,14,32,'2024-07-31 20:23:38','2024-07-31 20:23:38','ativa'),(317,'ANDRADE',NULL,5,11,17,'2024-07-31 20:28:07','2024-07-31 20:28:07','ativa'),(318,'ZAMPIER',NULL,5,11,10,'2024-07-31 20:48:13','2024-07-31 20:48:13','ativa'),(319,'PINHEIRO',NULL,5,11,13,'2024-07-31 20:48:42','2024-07-31 20:48:42','ativa'),(320,'FILHO',702,5,14,32,'2024-07-31 20:51:04','2024-07-31 20:51:04','ativa'),(321,'EDIVANDRO',703,5,14,32,'2024-07-31 20:51:25','2024-07-31 20:51:25','ativa'),(322,'DE PAULA',704,5,14,32,'2024-07-31 20:51:40','2024-07-31 20:51:40','ativa'),(323,'SIMON',705,5,14,32,'2024-07-31 20:51:52','2024-07-31 20:51:52','ativa'),(324,'ROTH',706,5,14,32,'2024-07-31 20:52:03','2024-07-31 20:52:03','ativa'),(325,'PANEGALLI',707,5,14,32,'2024-07-31 20:52:17','2024-07-31 20:52:17','ativa'),(326,'OLIVEIRA',708,5,14,32,'2024-07-31 20:52:31','2024-07-31 20:52:31','ativa'),(327,'FRANCISCO',709,5,14,32,'2024-07-31 20:53:00','2024-07-31 20:53:00','ativa'),(328,'NASCIMENTO',710,5,14,32,'2024-07-31 20:53:14','2024-07-31 20:53:14','ativa'),(329,'GOMES',711,5,14,32,'2024-07-31 20:53:34','2024-07-31 20:53:34','ativa'),(330,'KRIK',712,5,14,32,'2024-08-05 19:07:35','2024-08-05 19:07:35','ativa'),(331,'M MARTINS',713,5,14,32,'2024-08-05 19:07:48','2024-08-05 19:07:48','ativa'),(332,'M RODRIGUES',714,5,14,32,'2024-08-05 19:08:00','2024-08-05 19:08:00','ativa'),(333,'ÁVILA',715,5,14,32,'2024-08-05 19:08:15','2024-08-05 19:08:15','ativa'),(334,'LENKUM',716,5,14,32,'2024-08-05 19:08:31','2024-08-05 19:08:31','ativa'),(335,'MAYCON',717,5,14,32,'2024-08-05 19:08:44','2024-08-05 19:08:44','ativa'),(336,'PUGSLEY',718,5,14,32,'2024-08-05 19:08:56','2024-08-05 19:08:56','ativa'),(337,'VICCENTY',720,5,14,32,'2024-08-05 19:09:12','2024-08-05 19:09:12','ativa'),(338,'KOCHAN',721,5,14,32,'2024-08-05 19:09:29','2024-08-05 19:09:29','ativa'),(339,'P SANTOS',722,5,14,32,'2024-08-05 19:09:46','2024-08-05 19:09:46','ativa'),(340,'MILER',723,5,14,32,'2024-08-05 19:10:09','2024-08-05 19:10:09','ativa'),(341,'GONÇALVES',724,5,14,32,'2024-08-05 19:10:33','2024-08-05 19:10:33','ativa'),(342,'JONSON',725,5,14,32,'2024-08-05 19:10:45','2024-08-05 19:10:45','ativa'),(343,'BARBOSA',726,5,14,32,'2024-08-05 19:11:02','2024-08-05 19:11:02','ativa'),(344,'MOREIRA',727,5,14,32,'2024-08-05 19:11:15','2024-08-05 19:11:15','ativa'),(345,'FERREIRA ANDRADE',728,5,14,32,'2024-08-05 19:11:45','2024-08-05 19:11:45','ativa'),(346,'NAZARKO',729,5,14,32,'2024-08-05 19:12:02','2024-08-05 19:12:02','ativa'),(347,'BUSMAYER',730,5,14,32,'2024-08-05 19:12:22','2024-08-05 19:12:22','ativa'),(348,'VON',731,5,14,32,'2024-08-05 19:12:35','2024-08-05 19:12:35','ativa'),(349,'RAFAEL CORDEIRO',732,5,14,32,'2024-08-05 19:12:58','2024-08-05 19:12:58','ativa'),(350,'CORREA',733,5,14,32,'2024-08-05 19:13:08','2024-08-05 19:13:08','ativa'),(351,'MARQUES',735,5,14,32,'2024-08-05 19:13:24','2024-08-05 19:13:24','ativa'),(352,'DE OLIVEIRA',736,5,14,32,'2024-08-05 19:13:41','2024-08-05 19:13:41','ativa');
/*!40000 ALTER TABLE `militaries` ENABLE KEYS */;
UNLOCK TABLES;

--
-- Table structure for table `password_reset_tokens`
--

DROP TABLE IF EXISTS `password_reset_tokens`;
/*!40101 SET @saved_cs_client     = @@character_set_client */;
/*!40101 SET character_set_client = utf8 */;
CREATE TABLE `password_reset_tokens` (
  `email` varchar(255) NOT NULL,
  `token` varchar(255) NOT NULL,
  `created_at` timestamp NULL DEFAULT NULL,
  PRIMARY KEY (`email`)
) ENGINE=InnoDB DEFAULT CHARSET=utf8mb4 COLLATE=utf8mb4_unicode_ci;
/*!40101 SET character_set_client = @saved_cs_client */;

--
-- Dumping data for table `password_reset_tokens`
--

LOCK TABLES `password_reset_tokens` WRITE;
/*!40000 ALTER TABLE `password_reset_tokens` DISABLE KEYS */;
/*!40000 ALTER TABLE `password_reset_tokens` ENABLE KEYS */;
UNLOCK TABLES;

--
-- Table structure for table `personal_access_tokens`
--

DROP TABLE IF EXISTS `personal_access_tokens`;
/*!40101 SET @saved_cs_client     = @@character_set_client */;
/*!40101 SET character_set_client = utf8 */;
CREATE TABLE `personal_access_tokens` (
  `id` bigint(20) unsigned NOT NULL AUTO_INCREMENT,
  `tokenable_type` varchar(255) NOT NULL,
  `tokenable_id` bigint(20) unsigned NOT NULL,
  `name` varchar(255) NOT NULL,
  `token` varchar(64) NOT NULL,
  `abilities` text DEFAULT NULL,
  `last_used_at` timestamp NULL DEFAULT NULL,
  `expires_at` timestamp NULL DEFAULT NULL,
  `created_at` timestamp NULL DEFAULT NULL,
  `updated_at` timestamp NULL DEFAULT NULL,
  PRIMARY KEY (`id`),
  UNIQUE KEY `personal_access_tokens_token_unique` (`token`),
  KEY `personal_access_tokens_tokenable_type_tokenable_id_index` (`tokenable_type`,`tokenable_id`)
) ENGINE=InnoDB AUTO_INCREMENT=144 DEFAULT CHARSET=utf8mb4 COLLATE=utf8mb4_unicode_ci;
/*!40101 SET character_set_client = @saved_cs_client */;

--
-- Dumping data for table `personal_access_tokens`
--

LOCK TABLES `personal_access_tokens` WRITE;
/*!40000 ALTER TABLE `personal_access_tokens` DISABLE KEYS */;
INSERT INTO `personal_access_tokens` VALUES (1,'App\\Models\\User',1,'MyAppToken','570b018f801a9fac86b11f928163d3de4f73c8a62283817034c10248c1341dda','[\"*\"]',NULL,NULL,'2024-07-01 16:52:27','2024-07-01 16:52:27'),(2,'App\\Models\\User',1,'MyAppToken','9fe195f4c9a4d28b7f4fd3ee2379766a04e9893ddf5e8068f9bf37ba1b03cfb5','[\"*\"]',NULL,NULL,'2024-07-01 16:59:10','2024-07-01 16:59:10'),(3,'App\\Models\\User',2,'MyAppToken','d63f74d7df95cd968c7c140a5c5539f1702e35c5c61f421b9976b2bd718845b0','[\"*\"]',NULL,NULL,'2024-07-01 17:00:24','2024-07-01 17:00:24'),(4,'App\\Models\\User',2,'MyAppToken','9c80a9bdbd284e457eaee528b12caec6f3c7e8dc32646d91b8f60cf1abcf362a','[\"*\"]',NULL,NULL,'2024-07-01 17:00:36','2024-07-01 17:00:36'),(5,'App\\Models\\User',2,'MyAppToken','722f72a511b98b7c6d80089f2d76dabf7fc08fda6a9cba7cb6fa7b8631353ec3','[\"*\"]',NULL,NULL,'2024-07-01 17:01:13','2024-07-01 17:01:13'),(6,'App\\Models\\User',1,'MyAppToken','0eec0861aa10c69d3e47cc939de447266d53c3717ee2490b093010b639c57a6e','[\"*\"]',NULL,NULL,'2024-07-01 17:03:13','2024-07-01 17:03:13'),(7,'App\\Models\\User',1,'MyAppToken','aaa55634f1ed98e4e7bbaefdb07d927240453e383b195d5125cc569a1199fa33','[\"*\"]',NULL,NULL,'2024-07-01 17:05:44','2024-07-01 17:05:44'),(8,'App\\Models\\User',3,'MyAppToken','6555ee7a0f2f21328b6d64ffa8b26a62f295a0aa12d509879c4d765ab128d64b','[\"*\"]',NULL,NULL,'2024-07-01 17:13:42','2024-07-01 17:13:42'),(9,'App\\Models\\User',2,'MyAppToken','66ecdb3e7b856dfc8449ac07ef292e992e723a439930592d238ecda1d2a262c8','[\"*\"]',NULL,NULL,'2024-07-01 17:21:02','2024-07-01 17:21:02'),(10,'App\\Models\\User',3,'MyAppToken','b88268e72fa301d51f313ca83deb905093846d5f915d7411640bba1ba96cb0ee','[\"*\"]',NULL,NULL,'2024-07-01 17:22:41','2024-07-01 17:22:41'),(11,'App\\Models\\User',3,'MyAppToken','6fae7aae355ee4eadfb6b7476353c8cc888316fab6dde581952d7b94cae0d81e','[\"*\"]',NULL,NULL,'2024-07-01 17:26:07','2024-07-01 17:26:07'),(12,'App\\Models\\User',4,'MyAppToken','0f586de95e927b23e0d5843e4e059c57aa5f06dfa131a7c1041966c6ef797c5b','[\"*\"]',NULL,NULL,'2024-07-01 17:27:23','2024-07-01 17:27:23'),(13,'App\\Models\\User',3,'MyAppToken','918ef5aa6956bf623c2d17eeb2e375b5c422b136bf1b0e654f888b779d7859bd','[\"*\"]',NULL,NULL,'2024-07-01 17:33:33','2024-07-01 17:33:33'),(14,'App\\Models\\User',3,'MyAppToken','3cda9ed305dc0bd3d68c152a7291fb3ee5c3dfdd22c30a6e512ed495a5b1db3a','[\"*\"]',NULL,NULL,'2024-07-01 17:57:02','2024-07-01 17:57:02'),(15,'App\\Models\\User',5,'MyAppToken','318612e14087296eb9972aadc6fa9f80b6e4d9a9d7b8dba4a90c72b85e156e1b','[\"*\"]',NULL,NULL,'2024-07-01 17:58:34','2024-07-01 17:58:34'),(16,'App\\Models\\User',3,'MyAppToken','b441e2021993e93d507b821168082400ec27e2340dfbbb0e514e5f301f8dd2fc','[\"*\"]',NULL,NULL,'2024-07-01 18:04:33','2024-07-01 18:04:33'),(17,'App\\Models\\User',3,'MyAppToken','bac56775aed4742310143af8844491b18e26f5067f4642d3f73fcb25dd86310d','[\"*\"]',NULL,NULL,'2024-07-01 21:28:13','2024-07-01 21:28:13'),(18,'App\\Models\\User',1,'MyAppToken','1735f4191ea65d2f98b96f2c61e2a3b305796007e12bb0779a630844e6dccf35','[\"*\"]',NULL,NULL,'2024-07-01 21:30:56','2024-07-01 21:30:56'),(19,'App\\Models\\User',3,'MyAppToken','97b8779fb5b1cb9da2c81ebbcae21df4a37f85e8bd09384378f91df6c10be33a','[\"*\"]',NULL,NULL,'2024-07-01 21:35:11','2024-07-01 21:35:11'),(20,'App\\Models\\User',7,'MyAppToken','f1d499ccdfeacc4a403ae7d6ce9c7dbed35eee38ddb268b3225f118d36bbc24b','[\"*\"]',NULL,NULL,'2024-07-01 21:52:48','2024-07-01 21:52:48'),(21,'App\\Models\\User',3,'MyAppToken','fc37413d00b882b28aba5e22c002caaae73ca570d1fc4ce4942b6e44c76aba53','[\"*\"]',NULL,NULL,'2024-07-01 22:01:16','2024-07-01 22:01:16'),(22,'App\\Models\\User',8,'MyAppToken','38033ff6982dc477297513cd727458a98324664a0591b787853568980cb111c9','[\"*\"]',NULL,NULL,'2024-07-01 22:02:02','2024-07-01 22:02:02'),(23,'App\\Models\\User',3,'MyAppToken','fdeda6f67cbd51e177ae17fb9033f71c30dab9f6e6781055d36b20c0db16715a','[\"*\"]',NULL,NULL,'2024-07-01 22:28:13','2024-07-01 22:28:13'),(24,'App\\Models\\User',7,'MyAppToken','990ec4b06c036e72fade6cd00a1763cfcbdb7b773936e54c85f946b5d0388d7b','[\"*\"]',NULL,NULL,'2024-07-01 22:40:17','2024-07-01 22:40:17'),(25,'App\\Models\\User',3,'MyAppToken','32cd6d033f2dd7e5539b56cc24284c6ae238963ca6417245d728b50289d83088','[\"*\"]',NULL,NULL,'2024-07-01 23:00:39','2024-07-01 23:00:39'),(26,'App\\Models\\User',3,'MyAppToken','9477e8f67a79539b2a4608ace959c1b3470baa23aaafe096836ded94206ed1dd','[\"*\"]',NULL,NULL,'2024-07-01 23:08:55','2024-07-01 23:08:55'),(27,'App\\Models\\User',3,'MyAppToken','297bb24c71ba1e1fe9fd85b530ad6e12ef4b5ebec10c783474e08442fd0311a5','[\"*\"]',NULL,NULL,'2024-07-02 00:07:43','2024-07-02 00:07:43'),(28,'App\\Models\\User',4,'MyAppToken','bdd80d73e11dcebcd2b8c2712572fa9c096a2a11da5cc1d35edd4ecfae9e9d3f','[\"*\"]',NULL,NULL,'2024-07-02 00:11:00','2024-07-02 00:11:00'),(29,'App\\Models\\User',7,'MyAppToken','08e8c3457329ad6e3a1c03fc72e481298060d1e12a54c59df11e84f198a729c1','[\"*\"]',NULL,NULL,'2024-07-02 16:03:31','2024-07-02 16:03:31'),(30,'App\\Models\\User',7,'MyAppToken','6b4a434e019dcbc36e09dd81c71cc9b60ad7dc50f121d4956b53577cecb24fba','[\"*\"]',NULL,NULL,'2024-07-02 16:25:04','2024-07-02 16:25:04'),(31,'App\\Models\\User',3,'MyAppToken','dfbaeb9b586e78ff1426194b3e1a6c444b94c12525cb77e5efe3825d16a3411c','[\"*\"]',NULL,NULL,'2024-07-02 17:30:06','2024-07-02 17:30:06'),(32,'App\\Models\\User',3,'MyAppToken','021471b3dbe9d0089a3548b5c8808c186285c28f1859c63e52749dd314effb52','[\"*\"]',NULL,NULL,'2024-07-02 17:30:23','2024-07-02 17:30:23'),(33,'App\\Models\\User',4,'MyAppToken','ac56acb026998b06242acc7704b544e6727dc9787d24523132c9036aa7832afb','[\"*\"]',NULL,NULL,'2024-07-02 21:11:11','2024-07-02 21:11:11'),(34,'App\\Models\\User',7,'MyAppToken','ffdee9f59fe32ec79c84f104734fa62082e9d99bb002e68315ec483790471faf','[\"*\"]',NULL,NULL,'2024-07-03 00:03:07','2024-07-03 00:03:07'),(35,'App\\Models\\User',3,'MyAppToken','616cdb5b4dddbe72775e62c2284130de7fb93f5ae50b79ce49a12d81dda1f8fc','[\"*\"]',NULL,NULL,'2024-07-03 16:58:53','2024-07-03 16:58:53'),(36,'App\\Models\\User',7,'MyAppToken','599648743a92b06134ef0adf82c4113b10ea8c51fedbb2831a715fb91ec8439e','[\"*\"]',NULL,NULL,'2024-07-03 17:06:19','2024-07-03 17:06:19'),(37,'App\\Models\\User',8,'MyAppToken','73983145aa25143d9c57dcbe27d9784da419aa8a2b6ed4cfcca2e51581f9b95c','[\"*\"]',NULL,NULL,'2024-07-03 17:07:46','2024-07-03 17:07:46'),(38,'App\\Models\\User',3,'MyAppToken','65c8a78b3507abe63c78773ed514461ec44fb225518b6352d34fb1be2e68cb83','[\"*\"]',NULL,NULL,'2024-07-03 17:38:55','2024-07-03 17:38:55'),(39,'App\\Models\\User',3,'MyAppToken','fceb551ab7a5ab778088bc464eefebd31ae63c94397b6e2184a8e452eebd1a0a','[\"*\"]',NULL,NULL,'2024-07-03 17:42:38','2024-07-03 17:42:38'),(40,'App\\Models\\User',4,'MyAppToken','18ad72e58607e3892386fd052ea854a1eedd7b82815f5a561cfbf58d8d27f6c1','[\"*\"]',NULL,NULL,'2024-07-04 00:14:49','2024-07-04 00:14:49'),(41,'App\\Models\\User',8,'MyAppToken','a27a60d4ec9fb4c6e8099478af42661660a6010496f2b8385056d192a0ad276b','[\"*\"]',NULL,NULL,'2024-07-04 16:16:54','2024-07-04 16:16:54'),(42,'App\\Models\\User',7,'MyAppToken','7d7b2019bbda6bc1f0a475d16a841f04075365edc5a47fdc380d190309e24e3e','[\"*\"]',NULL,NULL,'2024-07-04 16:53:51','2024-07-04 16:53:51'),(43,'App\\Models\\User',7,'MyAppToken','7b67324e278c09d0ab0bc5f8fbb15f0d36c726500473a6a7a3f8c14a16d40f90','[\"*\"]',NULL,NULL,'2024-07-05 19:13:39','2024-07-05 19:13:39'),(44,'App\\Models\\User',7,'MyAppToken','b17aa20d51c731c6f1c54b137a5bbb04a2c3d1d25b7b751e33415f9c192050c7','[\"*\"]',NULL,NULL,'2024-07-05 19:14:21','2024-07-05 19:14:21'),(45,'App\\Models\\User',9,'MyAppToken','8f80fe683549a68e709ab4569104bf335c10bced7e7d4931535dcad088c139d8','[\"*\"]',NULL,NULL,'2024-07-05 19:14:57','2024-07-05 19:14:57'),(46,'App\\Models\\User',9,'MyAppToken','489028ad41c9401a3655b694740a952bb9168a25a38f777c15ee8803d1df97de','[\"*\"]',NULL,NULL,'2024-07-05 19:17:29','2024-07-05 19:17:29'),(47,'App\\Models\\User',9,'MyAppToken','e2d28bfd9c02bd76a1b72ea61a6238e6a00552204f5e19906ac407fda1cf2d30','[\"*\"]',NULL,NULL,'2024-07-05 19:25:22','2024-07-05 19:25:22'),(48,'App\\Models\\User',9,'MyAppToken','44715ff30bfc13e30eb7c003fa52b53f419e8a89f62ce6d924009fa5c3dadd42','[\"*\"]',NULL,NULL,'2024-07-09 19:17:05','2024-07-09 19:17:05'),(49,'App\\Models\\User',7,'MyAppToken','2e308222eb8af6c247ec233cd85b4175130ff28db3d7c95380f0ca0c03c8e034','[\"*\"]',NULL,NULL,'2024-07-09 19:25:12','2024-07-09 19:25:12'),(50,'App\\Models\\User',9,'MyAppToken','14e07ef4d734febbba0a4a606cdf1fdd33c04d1607036ba4a978fc2bfe78ac96','[\"*\"]',NULL,NULL,'2024-07-09 21:42:58','2024-07-09 21:42:58'),(51,'App\\Models\\User',8,'MyAppToken','a597e53bba57fa3559c6c67fc13fe032eb2added249d3bc50dea257c7a2accd5','[\"*\"]',NULL,NULL,'2024-07-09 22:11:38','2024-07-09 22:11:38'),(52,'App\\Models\\User',10,'MyAppToken','2c7eca83fa80d83260424ca49dc5f8f10fa451fdce6f6693c9f68f15dab199df','[\"*\"]',NULL,NULL,'2024-07-09 22:41:21','2024-07-09 22:41:21'),(53,'App\\Models\\User',7,'MyAppToken','0e3b89a58fab4c2ca3981a25572b33199195d2b7ef0b69872fc60a8a8a0303eb','[\"*\"]',NULL,NULL,'2024-07-09 23:49:49','2024-07-09 23:49:49'),(54,'App\\Models\\User',10,'MyAppToken','5be47ae09dbe5e84ec0b4f35f9688860cb4cf49c08465419f8c3498271988763','[\"*\"]',NULL,NULL,'2024-07-10 00:07:47','2024-07-10 00:07:47'),(55,'App\\Models\\User',9,'MyAppToken','fc0d019068977b1ed74f4b767ad1e20c7eba438dddbac2e97eae1afd2b508296','[\"*\"]',NULL,NULL,'2024-07-10 00:10:52','2024-07-10 00:10:52'),(56,'App\\Models\\User',9,'MyAppToken','43f0e96ea4731573843d815fab06342e4f14dec03a255fb97bdb5b0e8199d5e6','[\"*\"]',NULL,NULL,'2024-07-11 18:07:18','2024-07-11 18:07:18'),(57,'App\\Models\\User',7,'MyAppToken','ca2d07f18d39145f4aaeaed6290fcccf4b281710cbf1916ebc5fe6f5bd607880','[\"*\"]',NULL,NULL,'2024-07-11 18:19:48','2024-07-11 18:19:48'),(58,'App\\Models\\User',4,'MyAppToken','be3ece023050c0028cc1037e906c191e4bbfd483ba910814514bf111f205403b','[\"*\"]',NULL,NULL,'2024-07-11 19:25:27','2024-07-11 19:25:27'),(59,'App\\Models\\User',9,'MyAppToken','70bee56a3b7e81e20feedb0d2f4fa668db99ad0d85edba98e287d4fed1cd6fd5','[\"*\"]',NULL,NULL,'2024-07-11 22:53:37','2024-07-11 22:53:37'),(60,'App\\Models\\User',10,'MyAppToken','4022d1443611eb4f83d276adaa0cfeb9de43ccdb857703eafb63cade679ac966','[\"*\"]',NULL,NULL,'2024-07-11 23:10:38','2024-07-11 23:10:38'),(61,'App\\Models\\User',7,'MyAppToken','de0a82cd362ea4fc7493a8320f6e7e3141ce1ad7dcef8ad33e41382803b4c995','[\"*\"]',NULL,NULL,'2024-07-11 23:11:03','2024-07-11 23:11:03'),(62,'App\\Models\\User',9,'MyAppToken','402f4eb05542e38838f83b95eb768792109f5f50f192d76a9aed2db555210a01','[\"*\"]',NULL,NULL,'2024-07-12 16:05:10','2024-07-12 16:05:10'),(63,'App\\Models\\User',9,'MyAppToken','54ccbe2974074c130ecd26e272f02d6d09c11a4d44557452e16bb237e7ceb112','[\"*\"]',NULL,NULL,'2024-07-12 16:27:01','2024-07-12 16:27:01'),(64,'App\\Models\\User',8,'MyAppToken','c783efefb2a94cab3e09f1e268ffc58883427db034e1baf227b1f387e0be8a7d','[\"*\"]',NULL,NULL,'2024-07-12 16:35:10','2024-07-12 16:35:10'),(65,'App\\Models\\User',9,'MyAppToken','bca6e13c7fa578029ab50df4e72f5c541d0975fb01353524d6f18103c5020d05','[\"*\"]',NULL,NULL,'2024-07-12 19:13:52','2024-07-12 19:13:52'),(66,'App\\Models\\User',9,'MyAppToken','886684d614cb9b89648d6fececec617c38fde5da1b6787a2326a84a80e064751','[\"*\"]',NULL,NULL,'2024-07-15 18:23:44','2024-07-15 18:23:44'),(67,'App\\Models\\User',9,'MyAppToken','ded9a4f8f357ee212e57d890ba39ab984218884cf830a6758da65f84de9128ce','[\"*\"]',NULL,NULL,'2024-07-15 18:46:07','2024-07-15 18:46:07'),(68,'App\\Models\\User',10,'MyAppToken','0f59968a7f77a4ebe56e3c0afa5ba787657ad7a8a886897734b3c97e24dd1845','[\"*\"]',NULL,NULL,'2024-07-15 19:10:18','2024-07-15 19:10:18'),(69,'App\\Models\\User',10,'MyAppToken','ff343823bfc1e8caea859df6c5f3386d82b90b47b49cdf618430f6db795b6fd0','[\"*\"]',NULL,NULL,'2024-07-15 21:32:55','2024-07-15 21:32:55'),(70,'App\\Models\\User',10,'MyAppToken','52b36d9ad77e94882451409cbb22248b9ac8297e3452a67af0bbe18dd823766a','[\"*\"]',NULL,NULL,'2024-07-15 21:50:27','2024-07-15 21:50:27'),(71,'App\\Models\\User',9,'MyAppToken','7bb725b0698ac19a7707d286f60c21b3a0530f6fcd79f365dc4b262b18fa7c59','[\"*\"]',NULL,NULL,'2024-07-15 21:55:43','2024-07-15 21:55:43'),(72,'App\\Models\\User',10,'MyAppToken','a5c30c32d41032efd324436feb8f0be0188cecb4814589dbee5d915354fa9d1b','[\"*\"]',NULL,NULL,'2024-07-15 22:04:41','2024-07-15 22:04:41'),(73,'App\\Models\\User',10,'MyAppToken','8f086a724f10331a858f0013550e39813215a28d977478abb676cb91a09c6cdf','[\"*\"]',NULL,NULL,'2024-07-15 22:16:17','2024-07-15 22:16:17'),(74,'App\\Models\\User',7,'MyAppToken','5e53ff03f204c767edf75d9e5fb57729244f5a145700dc9f51c4a636d8ee3cfa','[\"*\"]',NULL,NULL,'2024-07-15 23:41:03','2024-07-15 23:41:03'),(75,'App\\Models\\User',9,'MyAppToken','cb76e40e6bbd5a0b7aeb0fa202ca892c7e6102a1b5e3fb874b326094c50ec050','[\"*\"]',NULL,NULL,'2024-07-15 23:56:13','2024-07-15 23:56:13'),(76,'App\\Models\\User',9,'MyAppToken','fc424dab5fcba4a3ebcc2698b6449aeaf250b4bcf1ae73cd0ee32a02ef216a49','[\"*\"]',NULL,NULL,'2024-07-15 23:58:12','2024-07-15 23:58:12'),(77,'App\\Models\\User',9,'MyAppToken','087ef14348e8ab380a7b9494e97f003fae0312ed061a754243b1a618d6e5fd97','[\"*\"]',NULL,NULL,'2024-07-16 00:06:59','2024-07-16 00:06:59'),(78,'App\\Models\\User',11,'MyAppToken','793f09041b5807f05bd24329d281e3173a8dd8136392463f964a0a35256b60e5','[\"*\"]',NULL,NULL,'2024-07-16 00:07:58','2024-07-16 00:07:58'),(79,'App\\Models\\User',9,'MyAppToken','42459cc514ca6bd81b03cc64c03f5bb3f33ad47cb57fdbf745e77bd59efe0dbf','[\"*\"]',NULL,NULL,'2024-07-16 18:10:00','2024-07-16 18:10:00'),(80,'App\\Models\\User',7,'MyAppToken','11a7b3cde56450703a432139496e7a542ed40ee7eba56d8578bbfa8ed923078c','[\"*\"]',NULL,NULL,'2024-07-16 18:15:27','2024-07-16 18:15:27'),(81,'App\\Models\\User',10,'MyAppToken','de8276e5bd243de4df5ac5897e2d84bf877c7af970cba8b4fdd9d1f89e4e2cee','[\"*\"]',NULL,NULL,'2024-07-16 18:20:18','2024-07-16 18:20:18'),(82,'App\\Models\\User',9,'MyAppToken','350204542a5a0a768a0bf4b9a0ece33d9e49837714548d047c90e5f03c89f39a','[\"*\"]',NULL,NULL,'2024-07-16 18:24:28','2024-07-16 18:24:28'),(83,'App\\Models\\User',8,'MyAppToken','2a330e0f4f1a34cb00dbfd227839628c8269bd5c14785d7993aba8c6f7fdf97d','[\"*\"]',NULL,NULL,'2024-07-16 18:50:23','2024-07-16 18:50:23'),(84,'App\\Models\\User',5,'MyAppToken','e20aec8e86600ad3ae2ebec64c1490f9cc82121d0df4eac798db476466e1d7e5','[\"*\"]',NULL,NULL,'2024-07-16 21:29:44','2024-07-16 21:29:44'),(85,'App\\Models\\User',9,'MyAppToken','5e9ef94759b5a25bd47744e1a06e393778f38e4d97c999a9a39149977ec9c645','[\"*\"]',NULL,NULL,'2024-07-17 18:06:32','2024-07-17 18:06:32'),(86,'App\\Models\\User',8,'MyAppToken','bc9c541d00896e8df749d0289b0101a4d3bcc076acd9f6552f12c68cdfca2408','[\"*\"]',NULL,NULL,'2024-07-17 19:11:45','2024-07-17 19:11:45'),(87,'App\\Models\\User',7,'MyAppToken','70c6156030246e74d54fd82b45b5eaa858446984e65e8a46c863696594a6194f','[\"*\"]',NULL,NULL,'2024-07-17 22:31:23','2024-07-17 22:31:23'),(88,'App\\Models\\User',9,'MyAppToken','842fac636411a9a0287a87e2bcf8cc7e9af988f36b2c0370c5d95aa16f95ec52','[\"*\"]',NULL,NULL,'2024-07-17 23:47:28','2024-07-17 23:47:28'),(89,'App\\Models\\User',9,'MyAppToken','36404a7c6484aa20967b9f7096125af8ae66bde0ff990b54595e50558fd9142b','[\"*\"]',NULL,NULL,'2024-07-18 18:11:51','2024-07-18 18:11:51'),(90,'App\\Models\\User',9,'MyAppToken','fab606c75f9a391c1737c879ab3658db21fb32686a053d733ad50aec1d00f19a','[\"*\"]',NULL,NULL,'2024-07-18 18:13:16','2024-07-18 18:13:16'),(91,'App\\Models\\User',9,'MyAppToken','ff5d0ff3f6ed035d868a998d1d694f1e7d45168fecd435d6a07b6fe76b784d55','[\"*\"]',NULL,NULL,'2024-07-18 18:27:35','2024-07-18 18:27:35'),(92,'App\\Models\\User',8,'MyAppToken','af09f5c93c8e0cdd47956b04d3bc7ebe446096aeeddde7a404158a815d91da6a','[\"*\"]',NULL,NULL,'2024-07-18 23:04:20','2024-07-18 23:04:20'),(93,'App\\Models\\User',8,'MyAppToken','9e3d0e6112bff8fecfd8ff408a83d12766c69756740c36d12379e06522cec910','[\"*\"]',NULL,NULL,'2024-07-18 23:49:16','2024-07-18 23:49:16'),(94,'App\\Models\\User',9,'MyAppToken','e95194001473fb589c55772bb9d28e908e4722d557d36f7d2939aa8025f5f3d8','[\"*\"]',NULL,NULL,'2024-07-19 00:02:05','2024-07-19 00:02:05'),(95,'App\\Models\\User',9,'MyAppToken','d1255492755beee3110c07755eeed16ba6952c1916175467d5f5d4a9be23cbf2','[\"*\"]',NULL,NULL,'2024-07-19 18:16:53','2024-07-19 18:16:53'),(96,'App\\Models\\User',9,'MyAppToken','5a021b39ac34fea798126400913164f21fac6dfc644e6ffbc02c2bccd89d2ca3','[\"*\"]',NULL,NULL,'2024-07-22 19:30:49','2024-07-22 19:30:49'),(97,'App\\Models\\User',9,'MyAppToken','bf1b6ea8f28cf92e01ef3e65487a1b549b899f7756b16ad64b9199d8ed1e8406','[\"*\"]',NULL,NULL,'2024-07-22 21:24:18','2024-07-22 21:24:18'),(98,'App\\Models\\User',9,'MyAppToken','dc0d50fb3495d6fdbe853c6b5ce450ddf4e39671099f77ded7ce140cd550723d','[\"*\"]',NULL,NULL,'2024-07-25 22:19:03','2024-07-25 22:19:03'),(99,'App\\Models\\User',9,'MyAppToken','f474f2b0a24026e9da788acc3af4ed025de238ce68f509819801c7db0d3824c0','[\"*\"]',NULL,NULL,'2024-07-25 23:40:44','2024-07-25 23:40:44'),(100,'App\\Models\\User',9,'MyAppToken','cc76b6ba02bf3bf90f732625ee706192019f5e803d437503d96a38d14c80ac2b','[\"*\"]',NULL,NULL,'2024-07-26 00:03:57','2024-07-26 00:03:57'),(101,'App\\Models\\User',12,'MyAppToken','d3661008532e25db38e6fc98dcf00194fd4020f456afe9582a86a5f60830a5c1','[\"*\"]',NULL,NULL,'2024-07-26 00:05:41','2024-07-26 00:05:41'),(102,'App\\Models\\User',12,'MyAppToken','413cb8b04966d030e1fddc0af5ac1d0805f20746cf75c441b00430416467f1c4','[\"*\"]',NULL,NULL,'2024-07-26 00:17:11','2024-07-26 00:17:11'),(103,'App\\Models\\User',9,'MyAppToken','00214f9248983de46ed2655b23304b608ad3b19d454054d9c7bcc5e1e3d64093','[\"*\"]',NULL,NULL,'2024-07-26 16:41:40','2024-07-26 16:41:40'),(104,'App\\Models\\User',9,'MyAppToken','c18bf52e4975cdd555b9e40affc42302f6d3e0b6d428cb9a8b9f69732d76560d','[\"*\"]',NULL,NULL,'2024-07-26 16:32:12','2024-07-26 16:32:12'),(105,'App\\Models\\User',12,'MyAppToken','ad24d4ade99ce0b629da4dcb9b000b594adbf1e92a8ca39e3ad88217ab5da718','[\"*\"]',NULL,NULL,'2024-07-26 18:15:16','2024-07-26 18:15:16'),(106,'App\\Models\\User',9,'MyAppToken','79046bd3c2391dee5db04cc65389f1fc570bde2e8112b4a737d3566941f91fa1','[\"*\"]',NULL,NULL,'2024-07-30 16:41:36','2024-07-30 16:41:36'),(107,'App\\Models\\User',12,'MyAppToken','e34e184e1fd3eb1a89274ff7762717d83f39d3fd1115c5a6abb0ee5efa2e7b7b','[\"*\"]',NULL,NULL,'2024-07-30 16:46:13','2024-07-30 16:46:13'),(108,'App\\Models\\User',4,'MyAppToken','0f92336b0d17c37c84baf8fecdcbe1e04190c8256b68dc594f317ae94a843631','[\"*\"]',NULL,NULL,'2024-07-30 17:15:53','2024-07-30 17:15:53'),(109,'App\\Models\\User',9,'MyAppToken','8d7fc97f92369544611f19fed0bf1dcae7184bef081ce07f97c69121c549c6c8','[\"*\"]',NULL,NULL,'2024-07-30 20:47:05','2024-07-30 20:47:05'),(110,'App\\Models\\User',9,'MyAppToken','6c82c17ac5a84b13de4460105257a5cfb28b55ae81de2ee1e5a57ce4662876ff','[\"*\"]',NULL,NULL,'2024-07-31 15:57:45','2024-07-31 15:57:45'),(111,'App\\Models\\User',9,'MyAppToken','c9bbf02d63b2be7cf7e9515406e5c1744d4655558a1e1d6c8f5ab275d420c36f','[\"*\"]',NULL,NULL,'2024-07-31 16:14:43','2024-07-31 16:14:43'),(112,'App\\Models\\User',13,'MyAppToken','5f816c7a0db75ec5c119a12115c035af624237e729b06e5c2fd444589ea63b98','[\"*\"]',NULL,NULL,'2024-07-31 16:21:36','2024-07-31 16:21:36'),(113,'App\\Models\\User',13,'MyAppToken','802423fcd6257291b47380916d2a7af0a60ec2c87c25c77fb6b6618a2e702687','[\"*\"]',NULL,NULL,'2024-07-31 16:45:51','2024-07-31 16:45:51'),(114,'App\\Models\\User',13,'MyAppToken','67bc9d8b4f270908b24ad51edf949888fdc1eca4903aeb8750ad4016e1f45137','[\"*\"]',NULL,NULL,'2024-07-31 17:04:42','2024-07-31 17:04:42'),(115,'App\\Models\\User',15,'MyAppToken','eb5ca1b4145c13ddf3edc5987f9704a2b31731f018b65be1dc82d37c3cf5ff11','[\"*\"]',NULL,NULL,'2024-07-31 19:40:42','2024-07-31 19:40:42'),(116,'App\\Models\\User',14,'MyAppToken','d67f9e4570c0c324bf029d10ae6cafe66bcc5d65b78229ef538b486fe91b842f','[\"*\"]',NULL,NULL,'2024-07-31 19:51:17','2024-07-31 19:51:17'),(117,'App\\Models\\User',14,'MyAppToken','4da2f708b6b8c95f019638a5517dde43e1875924983caa698eeac66e515778b4','[\"*\"]',NULL,NULL,'2024-07-31 19:53:32','2024-07-31 19:53:32'),(118,'App\\Models\\User',13,'MyAppToken','a1acd7e6b4800972b09146e3ac1a6cf2d58cce22fef39426320c829b181f3228','[\"*\"]',NULL,NULL,'2024-07-31 19:58:34','2024-07-31 19:58:34'),(119,'App\\Models\\User',9,'MyAppToken','09c0a4c5c01f96f63f3710494b421ebd7eea10afe7758109322e2ef280f86228','[\"*\"]',NULL,NULL,'2024-07-31 20:05:56','2024-07-31 20:05:56'),(120,'App\\Models\\User',9,'MyAppToken','5070724b67df8a365c3b29d5692537eb11d6b35000cb045635d067ba0ee636a9','[\"*\"]',NULL,NULL,'2024-07-31 20:07:04','2024-07-31 20:07:04'),(121,'App\\Models\\User',9,'MyAppToken','43caa98b9f3b44541a445f91bccf27ee77c838258c1814204f3e94466fff21a8','[\"*\"]',NULL,NULL,'2024-07-31 20:10:24','2024-07-31 20:10:24'),(122,'App\\Models\\User',14,'MyAppToken','e9de274556f037778d067d00f20ebcd9644c7544697be27dd0dd208bcc7c5d9a','[\"*\"]',NULL,NULL,'2024-07-31 20:14:50','2024-07-31 20:14:50'),(123,'App\\Models\\User',15,'MyAppToken','4cd43bb06dd12bae522714e47438fc7a8f545486dcf2205393db3b760665941e','[\"*\"]',NULL,NULL,'2024-07-31 20:21:15','2024-07-31 20:21:15'),(124,'App\\Models\\User',13,'MyAppToken','1d18fb11c2e797e3f759482b2661430b2ed0518ca3096c585fb27be61ce6d854','[\"*\"]',NULL,NULL,'2024-07-31 20:21:28','2024-07-31 20:21:28'),(125,'App\\Models\\User',14,'MyAppToken','4f33f2a05f8bce1b3df43566896153ece5827b897a4fd2016954ba56956569f6','[\"*\"]',NULL,NULL,'2024-07-31 22:01:39','2024-07-31 22:01:39'),(126,'App\\Models\\User',9,'MyAppToken','6103f083ae24cd910130a114afa8aba7c557c74c1bbcddc57f165ba8b0fd1330','[\"*\"]',NULL,NULL,'2024-08-01 19:57:10','2024-08-01 19:57:10'),(127,'App\\Models\\User',14,'MyAppToken','f91d7ccca5a169087754f9b03f538c6c293498236e47c996630096d82ddc2dfe','[\"*\"]',NULL,NULL,'2024-08-01 19:58:52','2024-08-01 19:58:52'),(128,'App\\Models\\User',9,'MyAppToken','4ab6beed6937445a82f4092dac7949820c2e0091de3d411a802e14f2a5040474','[\"*\"]',NULL,NULL,'2024-08-01 20:03:00','2024-08-01 20:03:00'),(129,'App\\Models\\User',12,'MyAppToken','01c2aa62ab042ed57f486d03b480193030ef34479e0204df55eec0d2eb382912','[\"*\"]',NULL,NULL,'2024-08-01 20:19:43','2024-08-01 20:19:43'),(130,'App\\Models\\User',9,'MyAppToken','5d79132534e52a526ea04bb8b5a1d5d4bfc87fac6700dab174f61d5d9283c867','[\"*\"]',NULL,NULL,'2024-08-01 20:38:47','2024-08-01 20:38:47'),(131,'App\\Models\\User',9,'MyAppToken','eb50b02d2bf86042445755b9bcd55b6f54add996b7d4a94adac98203bc7b9fb8','[\"*\"]',NULL,NULL,'2024-08-01 21:12:01','2024-08-01 21:12:01'),(132,'App\\Models\\User',9,'MyAppToken','c82e958d530813aa541e1bbb30f8eafb3fd50f830ca38d48daa7105c70584522','[\"*\"]',NULL,NULL,'2024-08-02 16:55:35','2024-08-02 16:55:35'),(133,'App\\Models\\User',9,'MyAppToken','b1b5fbe02b9b9c80e695cb2b2a5407d7ce159a870342c5182aa0e5accd48653a','[\"*\"]',NULL,NULL,'2024-08-05 16:50:03','2024-08-05 16:50:03'),(134,'App\\Models\\User',9,'MyAppToken','2688cf49f549218ac6a849aeae33847b13eca35c1dc876a2455a0f50947ce689','[\"*\"]',NULL,NULL,'2024-08-07 15:07:36','2024-08-07 15:07:36'),(135,'App\\Models\\User',9,'MyAppToken','e714d6f13c56dd689c2008446057fb06834c7b5fb1cc514aec9154827ff4f51e','[\"*\"]',NULL,NULL,'2024-08-07 17:26:19','2024-08-07 17:26:19'),(136,'App\\Models\\User',9,'MyAppToken','47eba8384cb4d619d0525af8291b90bd42e2bb9dfffb721932691f5fed83d666','[\"*\"]',NULL,NULL,'2024-08-08 15:44:40','2024-08-08 15:44:40'),(137,'App\\Models\\User',9,'MyAppToken','37d57163321e98c77eed951a8c568ca8ae70eecbb1a1b0e06f55263a7aa55b63','[\"*\"]',NULL,NULL,'2024-08-08 16:05:40','2024-08-08 16:05:40'),(138,'App\\Models\\User',9,'MyAppToken','a90d0d069286c7aabb1c8b5a698995a12fcd306a325bfa23cd1f8692eac8a5ee','[\"*\"]',NULL,NULL,'2024-08-08 20:22:50','2024-08-08 20:22:50'),(139,'App\\Models\\User',9,'MyAppToken','3a4ce5666a2c9d06488c0511511e0595ce3e7018ae7eeca92cb20c4dc9f0b3ec','[\"*\"]',NULL,NULL,'2024-08-08 20:26:59','2024-08-08 20:26:59'),(140,'App\\Models\\User',9,'MyAppToken','d818c9a3b9176d494c2eef424bad7ae57ed3cdba41795108aee91eb6ddd25c34','[\"*\"]',NULL,NULL,'2024-08-08 20:58:03','2024-08-08 20:58:03'),(141,'App\\Models\\User',9,'MyAppToken','56c3886f43f738b8ee69310ea7057ddf61b37989dbf0fc0e7b7b8d4225d65961','[\"*\"]',NULL,NULL,'2024-08-08 21:37:46','2024-08-08 21:37:46'),(142,'App\\Models\\User',9,'MyAppToken','80f4f562ae4448ef253968bfa3253cbfc2c08180dcec1ef1866e8b5322fbfcab','[\"*\"]',NULL,NULL,'2024-08-08 21:46:24','2024-08-08 21:46:24'),(143,'App\\Models\\User',9,'MyAppToken','93551d5a908663d7c1611370c446da7fc1885a9bcdd9c185aacd62b3dc34fc70','[\"*\"]',NULL,NULL,'2024-08-09 14:13:52','2024-08-09 14:13:52');
/*!40000 ALTER TABLE `personal_access_tokens` ENABLE KEYS */;
UNLOCK TABLES;

--
-- Table structure for table `presences`
--

DROP TABLE IF EXISTS `presences`;
/*!40101 SET @saved_cs_client     = @@character_set_client */;
/*!40101 SET character_set_client = utf8 */;
CREATE TABLE `presences` (
  `id` bigint(20) unsigned NOT NULL AUTO_INCREMENT,
  `date` date NOT NULL,
  `military_id` bigint(20) unsigned NOT NULL,
  `destination_id` bigint(20) unsigned NOT NULL,
  `created_at` timestamp NULL DEFAULT NULL,
  `updated_at` timestamp NULL DEFAULT NULL,
  PRIMARY KEY (`id`),
  KEY `presences_military_id_foreign` (`military_id`),
  KEY `presences_destination_id_foreign` (`destination_id`),
  CONSTRAINT `presences_destination_id_foreign` FOREIGN KEY (`destination_id`) REFERENCES `destinations` (`id`),
  CONSTRAINT `presences_military_id_foreign` FOREIGN KEY (`military_id`) REFERENCES `militaries` (`id`)
) ENGINE=InnoDB AUTO_INCREMENT=423 DEFAULT CHARSET=utf8mb4 COLLATE=utf8mb4_unicode_ci;
/*!40101 SET character_set_client = @saved_cs_client */;

--
-- Dumping data for table `presences`
--

LOCK TABLES `presences` WRITE;
/*!40000 ALTER TABLE `presences` DISABLE KEYS */;
INSERT INTO `presences` VALUES (3,'2024-07-01',6,6,'2024-07-01 22:06:49',NULL),(4,'2024-07-01',9,6,'2024-07-01 22:06:49',NULL),(5,'2024-07-01',12,6,'2024-07-01 22:06:49',NULL),(6,'2024-07-01',4,6,'2024-07-01 22:06:49',NULL),(7,'2024-07-01',7,6,'2024-07-01 22:06:49',NULL),(8,'2024-07-01',10,6,'2024-07-01 22:06:49',NULL),(9,'2024-07-01',13,6,'2024-07-01 22:06:49',NULL),(10,'2024-07-01',5,6,'2024-07-01 22:06:49',NULL),(11,'2024-07-01',8,6,'2024-07-01 22:06:49',NULL),(12,'2024-07-01',11,6,'2024-07-01 22:06:49',NULL),(13,'2024-07-01',14,6,'2024-07-01 22:06:49',NULL),(14,'2024-07-01',3,6,'2024-07-01 22:14:01',NULL),(15,'2024-07-02',14,6,'2024-07-02 17:56:47',NULL),(16,'2024-07-02',9,6,'2024-07-03 00:02:24',NULL),(17,'2024-07-02',3,6,'2024-07-03 00:02:24',NULL),(18,'2024-07-02',12,6,'2024-07-03 00:02:24',NULL),(19,'2024-07-02',6,6,'2024-07-03 00:02:24',NULL),(20,'2024-07-02',4,6,'2024-07-03 00:02:24',NULL),(21,'2024-07-02',10,6,'2024-07-03 00:02:24',NULL),(22,'2024-07-02',7,6,'2024-07-03 00:02:24',NULL),(23,'2024-07-02',13,6,'2024-07-03 00:02:24',NULL),(24,'2024-07-02',8,6,'2024-07-03 00:02:24',NULL),(25,'2024-07-02',5,6,'2024-07-03 00:02:24',NULL),(26,'2024-07-02',11,6,'2024-07-03 00:02:24',NULL),(27,'2024-07-03',6,6,'2024-07-03 17:09:04',NULL),(28,'2024-07-03',3,6,'2024-07-03 17:09:04',NULL),(29,'2024-07-03',9,6,'2024-07-03 17:09:04',NULL),(30,'2024-07-03',12,6,'2024-07-03 17:09:04',NULL),(31,'2024-07-03',4,6,'2024-07-03 17:09:04',NULL),(32,'2024-07-03',7,6,'2024-07-03 17:09:04',NULL),(33,'2024-07-03',10,6,'2024-07-03 17:09:04',NULL),(34,'2024-07-03',13,6,'2024-07-03 17:09:04',NULL),(35,'2024-07-03',5,6,'2024-07-03 17:09:04',NULL),(36,'2024-07-03',8,6,'2024-07-03 17:09:04',NULL),(37,'2024-07-03',11,6,'2024-07-03 17:09:04',NULL),(38,'2024-07-03',14,6,'2024-07-03 17:09:28',NULL),(39,'2024-07-03',16,6,'2024-07-03 17:13:51',NULL),(40,'2024-07-05',3,6,'2024-07-05 19:25:04',NULL),(41,'2024-07-05',6,6,'2024-07-05 19:25:04',NULL),(42,'2024-07-05',9,6,'2024-07-05 19:25:04',NULL),(43,'2024-07-05',11,6,'2024-07-05 19:25:04',NULL),(44,'2024-07-05',12,6,'2024-07-05 19:25:04',NULL),(45,'2024-07-05',16,6,'2024-07-05 19:25:04',NULL),(46,'2024-07-05',7,6,'2024-07-05 19:25:04',NULL),(47,'2024-07-05',4,6,'2024-07-05 19:25:04',NULL),(48,'2024-07-05',5,6,'2024-07-05 19:25:04',NULL),(49,'2024-07-05',8,6,'2024-07-05 19:25:04',NULL),(50,'2024-07-05',10,6,'2024-07-05 19:25:04',NULL),(51,'2024-07-05',13,6,'2024-07-05 19:25:04',NULL),(52,'2024-07-05',14,6,'2024-07-05 19:25:04',NULL),(54,'2024-07-09',3,6,'2024-07-09 19:26:52',NULL),(55,'2024-07-09',4,6,'2024-07-09 19:26:52',NULL),(56,'2024-07-09',5,6,'2024-07-09 22:18:47',NULL),(57,'2024-07-09',13,6,'2024-07-09 22:18:47',NULL),(58,'2024-07-09',6,6,'2024-07-09 22:18:47',NULL),(59,'2024-07-09',9,6,'2024-07-09 22:18:47',NULL),(60,'2024-07-09',11,6,'2024-07-09 22:18:47',NULL),(61,'2024-07-09',7,6,'2024-07-09 22:18:47',NULL),(62,'2024-07-09',12,6,'2024-07-09 22:18:47',NULL),(63,'2024-07-09',16,6,'2024-07-09 22:20:21',NULL),(64,'2024-07-09',8,19,'2024-07-09 22:20:21',NULL),(65,'2024-07-09',10,4,'2024-07-09 22:20:21',NULL),(66,'2024-07-09',14,6,'2024-07-09 22:31:26',NULL),(67,'2024-07-11',2,6,'2024-07-11 19:55:59',NULL),(68,'2024-07-11',15,18,'2024-07-11 19:55:59',NULL),(69,'2024-07-12',6,6,'2024-07-12 13:36:49',NULL),(70,'2024-07-12',9,6,'2024-07-12 13:36:49',NULL),(71,'2024-07-12',11,6,'2024-07-12 13:36:49',NULL),(72,'2024-07-12',4,6,'2024-07-12 13:36:49',NULL),(73,'2024-07-12',7,6,'2024-07-12 13:36:49',NULL),(74,'2024-07-12',16,6,'2024-07-12 13:36:49',NULL),(75,'2024-07-12',12,6,'2024-07-12 13:36:49',NULL),(76,'2024-07-12',5,6,'2024-07-12 13:36:49',NULL),(77,'2024-07-12',10,6,'2024-07-12 13:36:49',NULL),(78,'2024-07-12',13,6,'2024-07-12 13:36:49',NULL),(79,'2024-07-12',3,18,'2024-07-12 13:36:49',NULL),(80,'2024-07-12',8,19,'2024-07-12 13:36:49',NULL),(81,'2024-07-12',14,14,'2024-07-12 13:36:49',NULL),(82,'2024-07-15',140,6,'2024-07-15 18:53:43',NULL),(83,'2024-07-15',142,6,'2024-07-15 18:53:43',NULL),(84,'2024-07-15',123,6,'2024-07-15 18:53:43',NULL),(85,'2024-07-15',126,6,'2024-07-15 18:53:43',NULL),(86,'2024-07-15',141,11,'2024-07-15 18:53:43',NULL),(87,'2024-07-15',120,7,'2024-07-15 18:53:43',NULL),(88,'2024-07-15',3,6,'2024-07-15 20:55:42',NULL),(89,'2024-07-15',4,6,'2024-07-15 20:55:42',NULL),(90,'2024-07-15',6,6,'2024-07-15 20:55:42',NULL),(91,'2024-07-15',7,6,'2024-07-15 20:55:42',NULL),(92,'2024-07-15',9,6,'2024-07-15 20:55:42',NULL),(93,'2024-07-15',11,6,'2024-07-15 20:55:42',NULL),(94,'2024-07-15',12,6,'2024-07-15 20:55:42',NULL),(95,'2024-07-15',16,6,'2024-07-15 20:55:42',NULL),(96,'2024-07-15',10,6,'2024-07-15 20:55:42',NULL),(97,'2024-07-15',13,6,'2024-07-15 20:55:42',NULL),(98,'2024-07-15',5,17,'2024-07-15 20:55:42',NULL),(99,'2024-07-15',8,19,'2024-07-15 20:55:42',NULL),(100,'2024-07-15',14,7,'2024-07-15 20:55:42',NULL),(101,'2024-07-16',142,6,'2024-07-16 15:22:03',NULL),(102,'2024-07-16',140,4,'2024-07-16 15:22:03',NULL),(103,'2024-07-16',141,11,'2024-07-16 15:22:03',NULL),(104,'2024-07-16',121,6,'2024-07-16 15:26:39',NULL),(105,'2024-07-16',122,6,'2024-07-16 15:26:39',NULL),(106,'2024-07-16',123,6,'2024-07-16 15:26:39',NULL),(107,'2024-07-16',132,6,'2024-07-16 15:26:39',NULL),(108,'2024-07-16',133,6,'2024-07-16 15:26:39',NULL),(109,'2024-07-16',134,6,'2024-07-16 15:26:39',NULL),(110,'2024-07-16',135,6,'2024-07-16 15:26:39',NULL),(111,'2024-07-16',136,6,'2024-07-16 15:26:39',NULL),(112,'2024-07-16',137,6,'2024-07-16 15:26:39',NULL),(113,'2024-07-16',138,6,'2024-07-16 15:26:39',NULL),(114,'2024-07-16',120,5,'2024-07-16 15:26:39',NULL),(115,'2024-07-16',124,7,'2024-07-16 15:26:39',NULL),(116,'2024-07-16',125,11,'2024-07-16 15:26:39',NULL),(117,'2024-07-16',126,7,'2024-07-16 15:26:39',NULL),(118,'2024-07-16',127,7,'2024-07-16 15:26:39',NULL),(119,'2024-07-16',128,3,'2024-07-16 15:26:39',NULL),(120,'2024-07-16',129,2,'2024-07-16 15:26:39',NULL),(121,'2024-07-16',130,3,'2024-07-16 15:26:39',NULL),(122,'2024-07-16',131,11,'2024-07-16 15:26:39',NULL),(123,'2024-07-16',139,2,'2024-07-16 15:26:39',NULL),(124,'2024-07-16',3,6,'2024-07-16 15:52:39',NULL),(125,'2024-07-16',6,6,'2024-07-16 15:52:39',NULL),(126,'2024-07-16',9,6,'2024-07-16 15:52:39',NULL),(127,'2024-07-16',11,6,'2024-07-16 15:52:39',NULL),(128,'2024-07-16',4,6,'2024-07-16 15:52:39',NULL),(129,'2024-07-16',7,6,'2024-07-16 15:52:39',NULL),(130,'2024-07-16',16,6,'2024-07-16 15:52:39',NULL),(131,'2024-07-16',12,6,'2024-07-16 15:52:39',NULL),(132,'2024-07-16',5,6,'2024-07-16 15:52:39',NULL),(133,'2024-07-16',10,6,'2024-07-16 15:52:39',NULL),(134,'2024-07-16',13,6,'2024-07-16 15:52:39',NULL),(135,'2024-07-16',8,19,'2024-07-16 15:52:39',NULL),(136,'2024-07-16',14,7,'2024-07-16 15:52:39',NULL),(137,'2024-07-16',108,6,'2024-07-16 15:52:54',NULL),(138,'2024-07-16',109,6,'2024-07-16 15:52:54',NULL),(139,'2024-07-16',111,6,'2024-07-16 15:52:54',NULL),(140,'2024-07-16',112,6,'2024-07-16 15:52:54',NULL),(141,'2024-07-16',115,6,'2024-07-16 15:52:54',NULL),(142,'2024-07-16',117,6,'2024-07-16 15:52:54',NULL),(143,'2024-07-16',119,6,'2024-07-16 15:52:54',NULL),(144,'2024-07-16',87,6,'2024-07-16 15:52:54',NULL),(145,'2024-07-16',89,6,'2024-07-16 15:52:54',NULL),(146,'2024-07-16',105,6,'2024-07-16 15:52:54',NULL),(147,'2024-07-16',107,6,'2024-07-16 15:52:54',NULL),(148,'2024-07-16',93,6,'2024-07-16 15:52:54',NULL),(149,'2024-07-16',94,6,'2024-07-16 15:52:54',NULL),(150,'2024-07-16',95,6,'2024-07-16 15:52:54',NULL),(151,'2024-07-16',96,6,'2024-07-16 15:52:54',NULL),(152,'2024-07-16',97,6,'2024-07-16 15:52:54',NULL),(153,'2024-07-16',99,6,'2024-07-16 15:52:54',NULL),(154,'2024-07-16',101,6,'2024-07-16 15:52:54',NULL),(155,'2024-07-16',102,6,'2024-07-16 15:52:54',NULL),(156,'2024-07-16',103,6,'2024-07-16 15:52:54',NULL),(157,'2024-07-16',104,6,'2024-07-16 15:52:54',NULL),(158,'2024-07-16',110,2,'2024-07-16 15:52:54',NULL),(159,'2024-07-16',113,2,'2024-07-16 15:52:54',NULL),(160,'2024-07-16',114,7,'2024-07-16 15:52:54',NULL),(161,'2024-07-16',116,7,'2024-07-16 15:52:54',NULL),(162,'2024-07-16',118,5,'2024-07-16 15:52:54',NULL),(163,'2024-07-16',85,7,'2024-07-16 15:52:54',NULL),(164,'2024-07-16',86,2,'2024-07-16 15:52:54',NULL),(165,'2024-07-16',88,7,'2024-07-16 15:52:54',NULL),(166,'2024-07-16',106,2,'2024-07-16 15:52:54',NULL),(167,'2024-07-16',100,7,'2024-07-16 15:52:54',NULL),(168,'2024-07-16',18,6,'2024-07-16 16:20:01',NULL),(169,'2024-07-16',22,6,'2024-07-16 16:20:01',NULL),(170,'2024-07-16',23,6,'2024-07-16 16:20:01',NULL),(171,'2024-07-16',24,6,'2024-07-16 16:20:01',NULL),(172,'2024-07-16',25,6,'2024-07-16 16:20:01',NULL),(173,'2024-07-16',26,6,'2024-07-16 16:20:01',NULL),(174,'2024-07-16',28,6,'2024-07-16 16:20:01',NULL),(175,'2024-07-16',29,6,'2024-07-16 16:20:01',NULL),(176,'2024-07-16',31,6,'2024-07-16 16:20:01',NULL),(177,'2024-07-16',33,6,'2024-07-16 16:20:01',NULL),(178,'2024-07-16',34,6,'2024-07-16 16:20:01',NULL),(179,'2024-07-16',35,6,'2024-07-16 16:20:01',NULL),(180,'2024-07-16',36,6,'2024-07-16 16:20:01',NULL),(181,'2024-07-16',39,6,'2024-07-16 16:20:01',NULL),(182,'2024-07-16',40,6,'2024-07-16 16:20:01',NULL),(183,'2024-07-16',41,6,'2024-07-16 16:20:01',NULL),(184,'2024-07-16',44,6,'2024-07-16 16:20:01',NULL),(185,'2024-07-16',45,6,'2024-07-16 16:20:01',NULL),(186,'2024-07-16',46,6,'2024-07-16 16:20:01',NULL),(187,'2024-07-16',50,6,'2024-07-16 16:20:01',NULL),(188,'2024-07-16',53,6,'2024-07-16 16:20:01',NULL),(189,'2024-07-16',57,6,'2024-07-16 16:20:01',NULL),(190,'2024-07-16',59,6,'2024-07-16 16:20:01',NULL),(191,'2024-07-16',61,6,'2024-07-16 16:20:01',NULL),(192,'2024-07-16',66,6,'2024-07-16 16:20:01',NULL),(193,'2024-07-16',68,6,'2024-07-16 16:20:01',NULL),(194,'2024-07-16',72,6,'2024-07-16 16:20:01',NULL),(195,'2024-07-16',79,6,'2024-07-16 16:20:01',NULL),(196,'2024-07-16',82,6,'2024-07-16 16:20:01',NULL),(197,'2024-07-16',83,6,'2024-07-16 16:20:01',NULL),(198,'2024-07-16',17,3,'2024-07-16 16:20:01',NULL),(199,'2024-07-16',20,2,'2024-07-16 16:20:01',NULL),(200,'2024-07-16',19,2,'2024-07-16 16:20:01',NULL),(201,'2024-07-16',21,2,'2024-07-16 16:20:01',NULL),(202,'2024-07-16',27,3,'2024-07-16 16:20:01',NULL),(203,'2024-07-16',30,12,'2024-07-16 16:20:01',NULL),(204,'2024-07-16',32,3,'2024-07-16 16:20:01',NULL),(205,'2024-07-16',37,3,'2024-07-16 16:20:01',NULL),(206,'2024-07-16',38,2,'2024-07-16 16:20:01',NULL),(207,'2024-07-16',42,2,'2024-07-16 16:20:01',NULL),(208,'2024-07-16',43,3,'2024-07-16 16:20:01',NULL),(209,'2024-07-16',47,2,'2024-07-16 16:20:01',NULL),(210,'2024-07-16',48,2,'2024-07-16 16:20:01',NULL),(211,'2024-07-16',49,3,'2024-07-16 16:20:01',NULL),(212,'2024-07-16',51,3,'2024-07-16 16:20:01',NULL),(213,'2024-07-16',52,2,'2024-07-16 16:20:01',NULL),(214,'2024-07-16',54,1,'2024-07-16 16:20:01',NULL),(215,'2024-07-16',55,2,'2024-07-16 16:20:01',NULL),(216,'2024-07-16',56,2,'2024-07-16 16:20:01',NULL),(217,'2024-07-16',58,3,'2024-07-16 16:20:01',NULL),(218,'2024-07-16',60,2,'2024-07-16 16:20:01',NULL),(219,'2024-07-16',62,3,'2024-07-16 16:20:01',NULL),(220,'2024-07-16',63,2,'2024-07-16 16:20:01',NULL),(221,'2024-07-16',64,2,'2024-07-16 16:20:01',NULL),(222,'2024-07-16',65,3,'2024-07-16 16:20:01',NULL),(223,'2024-07-16',69,3,'2024-07-16 16:20:01',NULL),(224,'2024-07-16',70,2,'2024-07-16 16:20:01',NULL),(225,'2024-07-16',71,2,'2024-07-16 16:20:01',NULL),(226,'2024-07-16',73,3,'2024-07-16 16:20:01',NULL),(227,'2024-07-16',74,3,'2024-07-16 16:20:01',NULL),(228,'2024-07-16',75,3,'2024-07-16 16:20:01',NULL),(229,'2024-07-16',76,5,'2024-07-16 16:20:01',NULL),(230,'2024-07-16',77,2,'2024-07-16 16:20:01',NULL),(231,'2024-07-16',78,2,'2024-07-16 16:20:01',NULL),(232,'2024-07-16',80,3,'2024-07-16 16:20:01',NULL),(233,'2024-07-16',81,1,'2024-07-16 16:20:01',NULL),(234,'2024-07-16',84,3,'2024-07-16 16:20:01',NULL),(235,'2024-07-16',67,20,'2024-07-16 16:26:22',NULL),(236,'2024-07-17',142,6,'2024-07-17 15:29:57',NULL),(237,'2024-07-17',120,6,'2024-07-17 15:29:57',NULL),(238,'2024-07-17',123,6,'2024-07-17 15:29:57',NULL),(239,'2024-07-17',135,6,'2024-07-17 15:29:57',NULL),(240,'2024-07-17',138,6,'2024-07-17 15:29:57',NULL),(241,'2024-07-17',121,6,'2024-07-17 15:29:57',NULL),(242,'2024-07-17',130,6,'2024-07-17 15:29:57',NULL),(243,'2024-07-17',136,6,'2024-07-17 15:29:57',NULL),(244,'2024-07-17',122,6,'2024-07-17 15:29:57',NULL),(245,'2024-07-17',134,6,'2024-07-17 15:29:57',NULL),(246,'2024-07-17',137,6,'2024-07-17 15:29:57',NULL),(247,'2024-07-17',108,6,'2024-07-17 15:29:57',NULL),(248,'2024-07-17',111,6,'2024-07-17 15:29:57',NULL),(249,'2024-07-17',109,6,'2024-07-17 15:29:57',NULL),(250,'2024-07-17',112,6,'2024-07-17 15:29:57',NULL),(251,'2024-07-17',115,6,'2024-07-17 15:29:57',NULL),(252,'2024-07-17',119,6,'2024-07-17 15:29:57',NULL),(253,'2024-07-17',87,6,'2024-07-17 15:29:57',NULL),(254,'2024-07-17',105,6,'2024-07-17 15:29:57',NULL),(255,'2024-07-17',107,6,'2024-07-17 15:29:57',NULL),(256,'2024-07-17',93,6,'2024-07-17 15:29:57',NULL),(257,'2024-07-17',95,6,'2024-07-17 15:29:57',NULL),(258,'2024-07-17',96,6,'2024-07-17 15:29:57',NULL),(259,'2024-07-17',102,6,'2024-07-17 15:29:57',NULL),(260,'2024-07-17',103,6,'2024-07-17 15:29:57',NULL),(261,'2024-07-17',18,6,'2024-07-17 15:29:57',NULL),(262,'2024-07-17',22,6,'2024-07-17 15:29:57',NULL),(263,'2024-07-17',23,6,'2024-07-17 15:29:57',NULL),(264,'2024-07-17',26,6,'2024-07-17 15:29:57',NULL),(265,'2024-07-17',27,6,'2024-07-17 15:29:57',NULL),(266,'2024-07-17',28,6,'2024-07-17 15:29:57',NULL),(267,'2024-07-17',30,6,'2024-07-17 15:29:57',NULL),(268,'2024-07-17',33,6,'2024-07-17 15:29:57',NULL),(269,'2024-07-17',34,6,'2024-07-17 15:29:57',NULL),(270,'2024-07-17',35,6,'2024-07-17 15:29:57',NULL),(271,'2024-07-17',36,6,'2024-07-17 15:29:57',NULL),(272,'2024-07-17',37,6,'2024-07-17 15:29:57',NULL),(273,'2024-07-17',39,6,'2024-07-17 15:29:57',NULL),(274,'2024-07-17',40,6,'2024-07-17 15:29:57',NULL),(275,'2024-07-17',43,6,'2024-07-17 15:29:57',NULL),(276,'2024-07-17',45,6,'2024-07-17 15:29:57',NULL),(277,'2024-07-17',48,6,'2024-07-17 15:29:57',NULL),(278,'2024-07-17',50,6,'2024-07-17 15:29:57',NULL),(279,'2024-07-17',51,6,'2024-07-17 15:29:57',NULL),(280,'2024-07-17',58,6,'2024-07-17 15:29:57',NULL),(281,'2024-07-17',61,6,'2024-07-17 15:29:57',NULL),(282,'2024-07-17',62,6,'2024-07-17 15:29:57',NULL),(283,'2024-07-17',66,6,'2024-07-17 15:29:57',NULL),(284,'2024-07-17',69,6,'2024-07-17 15:29:57',NULL),(285,'2024-07-17',70,6,'2024-07-17 15:29:57',NULL),(286,'2024-07-17',73,6,'2024-07-17 15:29:57',NULL),(287,'2024-07-17',72,6,'2024-07-17 15:29:57',NULL),(288,'2024-07-17',74,6,'2024-07-17 15:29:57',NULL),(289,'2024-07-17',75,6,'2024-07-17 15:29:57',NULL),(290,'2024-07-17',79,6,'2024-07-17 15:29:57',NULL),(291,'2024-07-17',80,6,'2024-07-17 15:29:57',NULL),(292,'2024-07-17',84,6,'2024-07-17 15:29:57',NULL),(293,'2024-07-17',140,4,'2024-07-17 15:29:57',NULL),(294,'2024-07-17',141,11,'2024-07-17 15:29:57',NULL),(295,'2024-07-17',126,7,'2024-07-17 15:29:57',NULL),(296,'2024-07-17',129,3,'2024-07-17 15:29:57',NULL),(297,'2024-07-17',132,14,'2024-07-17 15:29:57',NULL),(298,'2024-07-17',124,7,'2024-07-17 15:29:57',NULL),(299,'2024-07-17',127,7,'2024-07-17 15:29:57',NULL),(300,'2024-07-17',133,2,'2024-07-17 15:29:57',NULL),(301,'2024-07-17',139,3,'2024-07-17 15:29:57',NULL),(302,'2024-07-17',125,11,'2024-07-17 15:29:57',NULL),(303,'2024-07-17',128,19,'2024-07-17 15:29:57',NULL),(304,'2024-07-17',131,11,'2024-07-17 15:29:57',NULL),(305,'2024-07-17',114,7,'2024-07-17 15:29:57',NULL),(306,'2024-07-17',117,2,'2024-07-17 15:29:57',NULL),(307,'2024-07-17',88,7,'2024-07-17 15:29:57',NULL),(308,'2024-07-17',110,3,'2024-07-17 15:29:57',NULL),(309,'2024-07-17',113,3,'2024-07-17 15:29:57',NULL),(310,'2024-07-17',116,7,'2024-07-17 15:29:57',NULL),(311,'2024-07-17',118,5,'2024-07-17 15:29:57',NULL),(312,'2024-07-17',85,7,'2024-07-17 15:29:57',NULL),(313,'2024-07-17',86,3,'2024-07-17 15:29:57',NULL),(314,'2024-07-17',89,14,'2024-07-17 15:29:57',NULL),(315,'2024-07-17',99,19,'2024-07-17 15:29:57',NULL),(316,'2024-07-17',100,7,'2024-07-17 15:29:57',NULL),(317,'2024-07-17',17,3,'2024-07-17 15:29:57',NULL),(318,'2024-07-17',20,3,'2024-07-17 15:29:57',NULL),(319,'2024-07-17',19,3,'2024-07-17 15:29:57',NULL),(320,'2024-07-17',21,3,'2024-07-17 15:29:57',NULL),(321,'2024-07-17',24,3,'2024-07-17 15:29:57',NULL),(322,'2024-07-17',25,2,'2024-07-17 15:29:57',NULL),(323,'2024-07-17',29,2,'2024-07-17 15:29:57',NULL),(324,'2024-07-17',31,14,'2024-07-17 15:29:57',NULL),(325,'2024-07-17',32,2,'2024-07-17 15:29:57',NULL),(326,'2024-07-17',38,3,'2024-07-17 15:29:57',NULL),(327,'2024-07-17',41,2,'2024-07-17 15:29:57',NULL),(328,'2024-07-17',42,14,'2024-07-17 15:29:57',NULL),(329,'2024-07-17',44,2,'2024-07-17 15:29:57',NULL),(330,'2024-07-17',46,2,'2024-07-17 15:29:57',NULL),(331,'2024-07-17',47,3,'2024-07-17 15:29:57',NULL),(332,'2024-07-17',49,2,'2024-07-17 15:29:57',NULL),(333,'2024-07-17',52,3,'2024-07-17 15:29:57',NULL),(334,'2024-07-17',53,2,'2024-07-17 15:29:57',NULL),(335,'2024-07-17',54,1,'2024-07-17 15:29:57',NULL),(336,'2024-07-17',55,3,'2024-07-17 15:29:57',NULL),(337,'2024-07-17',56,3,'2024-07-17 15:29:57',NULL),(338,'2024-07-17',57,2,'2024-07-17 15:29:57',NULL),(339,'2024-07-17',59,2,'2024-07-17 15:29:57',NULL),(340,'2024-07-17',60,3,'2024-07-17 15:29:57',NULL),(341,'2024-07-17',63,3,'2024-07-17 15:29:57',NULL),(342,'2024-07-17',64,3,'2024-07-17 15:29:57',NULL),(343,'2024-07-17',65,2,'2024-07-17 15:29:57',NULL),(344,'2024-07-17',67,20,'2024-07-17 15:29:57',NULL),(345,'2024-07-17',68,2,'2024-07-17 15:29:57',NULL),(346,'2024-07-17',71,3,'2024-07-17 15:29:57',NULL),(347,'2024-07-17',76,14,'2024-07-17 15:29:57',NULL),(348,'2024-07-17',77,3,'2024-07-17 15:29:57',NULL),(349,'2024-07-17',78,3,'2024-07-17 15:29:57',NULL),(350,'2024-07-17',81,1,'2024-07-17 15:29:57',NULL),(351,'2024-07-17',82,14,'2024-07-17 15:29:57',NULL),(352,'2024-07-17',83,2,'2024-07-17 15:29:57',NULL),(353,'2024-07-17',101,6,'2024-07-17 15:30:31',NULL),(354,'2024-07-17',94,6,'2024-07-17 15:30:31',NULL),(355,'2024-07-17',104,6,'2024-07-17 15:30:31',NULL),(356,'2024-07-17',97,6,'2024-07-17 15:30:31',NULL),(357,'2024-07-17',106,3,'2024-07-17 15:30:31',NULL),(358,'2024-07-18',1,6,'2024-07-18 15:30:16',NULL),(359,'2024-07-18',2,6,'2024-07-18 16:13:50',NULL),(360,'2024-07-18',6,6,'2024-07-18 20:55:39',NULL),(361,'2024-07-18',9,6,'2024-07-18 20:55:39',NULL),(362,'2024-07-18',11,6,'2024-07-18 20:55:39',NULL),(363,'2024-07-18',4,6,'2024-07-18 20:55:39',NULL),(364,'2024-07-18',7,6,'2024-07-18 20:55:39',NULL),(365,'2024-07-18',8,6,'2024-07-18 20:55:39',NULL),(366,'2024-07-18',10,6,'2024-07-18 20:55:39',NULL),(367,'2024-07-18',13,6,'2024-07-18 20:55:39',NULL),(368,'2024-07-18',12,6,'2024-07-18 20:55:39',NULL),(369,'2024-07-18',16,6,'2024-07-18 20:55:39',NULL),(370,'2024-07-18',3,4,'2024-07-18 20:55:39',NULL),(371,'2024-07-18',5,4,'2024-07-18 20:55:39',NULL),(372,'2024-07-18',14,7,'2024-07-18 20:55:39',NULL),(373,'2024-07-22',2,10,'2024-07-22 16:32:37',NULL),(374,'2024-07-22',15,4,'2024-07-22 16:32:37',NULL),(375,'2024-07-25',2,3,'2024-07-25 19:29:13',NULL),(376,'2024-07-25',15,5,'2024-07-25 19:29:13',NULL),(377,'2024-07-26',3,6,'2024-07-26 15:24:11',NULL),(378,'2024-07-26',6,6,'2024-07-26 15:24:11',NULL),(379,'2024-07-26',9,6,'2024-07-26 15:24:11',NULL),(380,'2024-07-26',11,6,'2024-07-26 15:24:11',NULL),(381,'2024-07-26',4,11,'2024-07-26 15:24:11',NULL),(382,'2024-07-26',7,5,'2024-07-26 15:24:11',NULL),(383,'2024-07-26',5,5,'2024-07-26 15:24:11',NULL),(384,'2024-07-26',16,7,'2024-07-26 15:24:11',NULL),(385,'2024-07-26',14,7,'2024-07-26 15:24:11',NULL),(386,'2024-07-26',12,6,'2024-07-26 15:24:11',NULL),(387,'2024-07-26',8,6,'2024-07-26 15:24:11',NULL),(388,'2024-07-26',10,6,'2024-07-26 15:24:11',NULL),(389,'2024-07-26',13,21,'2024-07-26 15:25:31',NULL),(390,'2024-07-30',3,6,'2024-07-30 13:47:15',NULL),(391,'2024-07-30',9,6,'2024-07-30 13:47:15',NULL),(392,'2024-07-30',11,6,'2024-07-30 13:47:15',NULL),(393,'2024-07-30',4,6,'2024-07-30 13:47:15',NULL),(394,'2024-07-30',7,6,'2024-07-30 13:47:15',NULL),(395,'2024-07-30',12,6,'2024-07-30 13:47:15',NULL),(396,'2024-07-30',5,6,'2024-07-30 13:47:15',NULL),(397,'2024-07-30',10,6,'2024-07-30 13:47:15',NULL),(398,'2024-07-30',13,6,'2024-07-30 13:47:15',NULL),(399,'2024-07-30',14,6,'2024-07-30 13:47:15',NULL),(400,'2024-07-30',6,18,'2024-07-30 13:47:15',NULL),(401,'2024-07-30',8,18,'2024-07-30 13:47:15',NULL),(402,'2024-07-30',16,7,'2024-07-30 13:47:15',NULL),(403,'2024-08-01',3,6,'2024-08-01 17:21:06',NULL),(404,'2024-08-01',9,6,'2024-08-01 17:21:06',NULL),(405,'2024-08-01',11,6,'2024-08-01 17:21:06',NULL),(406,'2024-08-01',4,6,'2024-08-01 17:21:06',NULL),(407,'2024-08-01',7,6,'2024-08-01 17:21:06',NULL),(408,'2024-08-01',12,6,'2024-08-01 17:21:06',NULL),(409,'2024-08-01',16,6,'2024-08-01 17:21:06',NULL),(410,'2024-08-01',5,6,'2024-08-01 17:21:06',NULL),(411,'2024-08-01',13,6,'2024-08-01 17:21:06',NULL),(412,'2024-08-01',14,6,'2024-08-01 17:21:06',NULL),(413,'2024-08-01',6,4,'2024-08-01 17:21:06',NULL),(414,'2024-08-01',8,4,'2024-08-01 17:21:06',NULL),(415,'2024-08-01',10,22,'2024-08-01 18:49:02',NULL),(416,'2024-08-07',2,4,'2024-08-07 12:32:42',NULL),(417,'2024-08-07',152,6,'2024-08-07 17:32:28',NULL),(418,'2024-08-07',145,6,'2024-08-07 17:32:28',NULL),(419,'2024-08-07',147,6,'2024-08-07 17:32:28',NULL),(420,'2024-08-08',1,4,'2024-08-08 14:26:32',NULL),(421,'2024-08-08',2,4,'2024-08-08 14:26:32',NULL),(422,'2024-08-08',198,6,'2024-08-08 14:26:32',NULL);
/*!40000 ALTER TABLE `presences` ENABLE KEYS */;
UNLOCK TABLES;

--
-- Table structure for table `ranks`
--

DROP TABLE IF EXISTS `ranks`;
/*!40101 SET @saved_cs_client     = @@character_set_client */;
/*!40101 SET character_set_client = utf8 */;
CREATE TABLE `ranks` (
  `id` bigint(20) unsigned NOT NULL AUTO_INCREMENT,
  `name` varchar(255) NOT NULL,
  `seniority` int(11) NOT NULL,
  `created_at` timestamp NULL DEFAULT NULL,
  `updated_at` timestamp NULL DEFAULT NULL,
  PRIMARY KEY (`id`)
) ENGINE=InnoDB AUTO_INCREMENT=15 DEFAULT CHARSET=utf8mb4 COLLATE=utf8mb4_unicode_ci;
/*!40101 SET character_set_client = @saved_cs_client */;

--
-- Dumping data for table `ranks`
--

LOCK TABLES `ranks` WRITE;
/*!40000 ALTER TABLE `ranks` DISABLE KEYS */;
INSERT INTO `ranks` VALUES (1,'Cel',1,NULL,NULL),(2,'TC',2,NULL,NULL),(3,'Maj',3,NULL,NULL),(4,'Cap',4,NULL,NULL),(5,'1º Ten',5,NULL,NULL),(6,'2º Ten',6,NULL,NULL),(7,'Asp Of',7,NULL,NULL),(8,'ST',8,NULL,NULL),(9,'1º Sgt',9,NULL,NULL),(10,'2º Sgt',10,NULL,NULL),(11,'3º Sgt',11,NULL,NULL),(12,'Cb',12,NULL,NULL),(13,'Sd EP',13,NULL,NULL),(14,'Sd EV',14,NULL,NULL);
/*!40000 ALTER TABLE `ranks` ENABLE KEYS */;
UNLOCK TABLES;

--
-- Table structure for table `subunits`
--

DROP TABLE IF EXISTS `subunits`;
/*!40101 SET @saved_cs_client     = @@character_set_client */;
/*!40101 SET character_set_client = utf8 */;
CREATE TABLE `subunits` (
  `id` bigint(20) unsigned NOT NULL AUTO_INCREMENT,
  `name` varchar(255) NOT NULL,
  `subunit_commander` varchar(255) NOT NULL,
  `created_at` timestamp NULL DEFAULT NULL,
  `updated_at` timestamp NULL DEFAULT NULL,
  PRIMARY KEY (`id`)
) ENGINE=InnoDB AUTO_INCREMENT=6 DEFAULT CHARSET=utf8mb4 COLLATE=utf8mb4_unicode_ci;
/*!40101 SET character_set_client = @saved_cs_client */;

--
-- Dumping data for table `subunits`
--

LOCK TABLES `subunits` WRITE;
/*!40000 ALTER TABLE `subunits` DISABLE KEYS */;
INSERT INTO `subunits` VALUES (1,'EM','TC LARAIA',NULL,NULL),(2,'Bia C','Cap PAPATOLO',NULL,NULL),(3,'1ª Bia O','Cap THIAGO FERREIRA',NULL,NULL),(4,'2ª Bia O','Cap GALLETTI',NULL,NULL),(5,'3ª Bia O','Cap FRANKLIN',NULL,NULL);
/*!40000 ALTER TABLE `subunits` ENABLE KEYS */;
UNLOCK TABLES;

--
-- Table structure for table `users`
--

DROP TABLE IF EXISTS `users`;
/*!40101 SET @saved_cs_client     = @@character_set_client */;
/*!40101 SET character_set_client = utf8 */;
CREATE TABLE `users` (
  `id` bigint(20) unsigned NOT NULL AUTO_INCREMENT,
  `username` varchar(255) NOT NULL,
  `password` varchar(255) NOT NULL,
  `subunit_id` bigint(20) unsigned NOT NULL,
  `role` varchar(255) NOT NULL,
  `remember_token` varchar(100) DEFAULT NULL,
  `created_at` timestamp NULL DEFAULT NULL,
  `updated_at` timestamp NULL DEFAULT NULL,
  PRIMARY KEY (`id`),
  KEY `users_subunit_id_foreign` (`subunit_id`),
  CONSTRAINT `users_subunit_id_foreign` FOREIGN KEY (`subunit_id`) REFERENCES `subunits` (`id`)
) ENGINE=InnoDB AUTO_INCREMENT=16 DEFAULT CHARSET=utf8mb4 COLLATE=utf8mb4_unicode_ci;
/*!40101 SET character_set_client = @saved_cs_client */;

--
-- Dumping data for table `users`
--

LOCK TABLES `users` WRITE;
/*!40000 ALTER TABLE `users` DISABLE KEYS */;
INSERT INTO `users` VALUES (4,'zanelatto','$2y$12$IhaRVRSshSeU8RP.NruKduD0GV597I.isadpOojFQzHPaZu/eKlK.',1,'Visitor',NULL,'2024-07-01 17:26:40','2024-07-01 17:26:40'),(5,'scmt','$2y$12$lWvKOSdah37bGmAlaNka5e22qP/NpxhWtd5OB4vddtImU2.ymLmie',1,'Visitor',NULL,'2024-07-01 17:58:11','2024-07-01 17:58:11'),(7,'em1','$2y$12$X52lACguVP3kPnqpzzsVguv71lCh/p1AQ6BoX8QRUUvcdMUFVhM4C',1,'Sgte',NULL,'2024-07-01 21:52:36','2024-07-01 21:52:36'),(8,'woidelo','$2y$12$o5zJWQ4FawgC5D/jjf5OieB82Mo1jRFgXQ9DyO.c5HqB8EOxyDzRe',1,'Brigada',NULL,'2024-07-01 22:01:42','2024-07-01 22:01:42'),(9,'admin','$2y$12$SjHJcacKrfm0cMdvoTZKgegLc87t01Hby029TiIKZNW7dPS/c/4dW',2,'Admin',NULL,'2024-07-03 17:46:31','2024-07-03 17:46:31'),(10,'sgte@2bia','$2y$12$o7zIcSb9KeVwst0lFYDoWO/XBG0ENsEQ8ay9OyBg7RRjzEww40B9C',4,'Sgte',NULL,'2024-07-09 22:08:23','2024-07-09 22:08:23'),(11,'visitor','$2y$12$o71XzAprcOvgxcDovw9WMO31Pp8uokb3Zhezp.OwhR6KfZNG6nalm',1,'Visitor',NULL,'2024-07-16 00:07:36','2024-07-16 00:07:36'),(12,'Sgt Bda','$2y$12$fSKp6iV0VUwutQX2cJaCSunMzbdlvzCG2ItxIABMxxF9N3p5y/vQ6',1,'Brigada',NULL,'2024-07-26 00:05:22','2024-07-26 00:05:22'),(13,'sgte@biac','$2y$12$lpz1daFRQ.XOVYfhZRZCeuFD2OVbIT9pHRo/laUqa/s7dnyygKSzO',2,'Sgte',NULL,'2024-07-31 16:15:47','2024-07-31 16:15:47'),(14,'sgte@1bia','$2y$12$kLq8waHYL3KEtp86uUhXpu/rqahFXBNH.t6T8uGPGlrN7Yv684Kwe',3,'Sgte',NULL,'2024-07-31 16:19:33','2024-07-31 16:19:33'),(15,'sgte@3bia','$2y$12$.cWiX9oiMMw4ebNGYJgom.YB8R3TfbydGkF60fYANWLyBheBMnFYS',5,'Sgte',NULL,'2024-07-31 16:20:03','2024-07-31 16:20:03');
/*!40000 ALTER TABLE `users` ENABLE KEYS */;
UNLOCK TABLES;

--
-- Table structure for table `workplaces`
--

DROP TABLE IF EXISTS `workplaces`;
/*!40101 SET @saved_cs_client     = @@character_set_client */;
/*!40101 SET character_set_client = utf8 */;
CREATE TABLE `workplaces` (
  `id` bigint(20) unsigned NOT NULL AUTO_INCREMENT,
  `workplace` varchar(255) NOT NULL,
  `created_at` timestamp NULL DEFAULT NULL,
  `updated_at` timestamp NULL DEFAULT NULL,
  PRIMARY KEY (`id`)
) ENGINE=InnoDB AUTO_INCREMENT=33 DEFAULT CHARSET=utf8mb4 COLLATE=utf8mb4_unicode_ci;
/*!40101 SET character_set_client = @saved_cs_client */;

--
-- Dumping data for table `workplaces`
--

LOCK TABLES `workplaces` WRITE;
/*!40000 ALTER TABLE `workplaces` DISABLE KEYS */;
INSERT INTO `workplaces` VALUES (1,'1ª Seção',NULL,NULL),(2,'2ª Seção',NULL,NULL),(3,'3ª Seção',NULL,NULL),(4,'4ª Seção',NULL,NULL),(5,'Assessoria de Gestão',NULL,NULL),(6,'Almoxarifado',NULL,NULL),(7,'Aprovisionamento',NULL,NULL),(8,'Conformidade Documental',NULL,NULL),(9,'Com Soc',NULL,NULL),(10,'FUSEX',NULL,NULL),(11,'Fiscalização Admin',NULL,NULL),(12,'ICT',NULL,NULL),(13,'Informática',NULL,NULL),(14,'Motomecanização',NULL,NULL),(15,'OPIP',NULL,NULL),(16,'Pelotão Esperança',NULL,NULL),(17,'Secretaria',NULL,NULL),(18,'SVP/SPP',NULL,NULL),(19,'Seção de Saúde',NULL,NULL),(20,'SFPC',NULL,NULL),(21,'SALC',NULL,NULL),(22,'Sargenteação',NULL,NULL),(23,'Subtenência',NULL,NULL),(24,'Delegacia',NULL,NULL),(25,'Tesouraria',NULL,NULL),(26,'Cmt',NULL,NULL),(27,'Scmt',NULL,NULL),(28,'Adj Cmd',NULL,NULL),(29,'Cmt Bia',NULL,NULL),(30,'Ordenança',NULL,NULL),(31,'P.O',NULL,NULL),(32,'n/s',NULL,NULL);
/*!40000 ALTER TABLE `workplaces` ENABLE KEYS */;
UNLOCK TABLES;
/*!40103 SET TIME_ZONE=@OLD_TIME_ZONE */;

/*!40101 SET SQL_MODE=@OLD_SQL_MODE */;
/*!40014 SET FOREIGN_KEY_CHECKS=@OLD_FOREIGN_KEY_CHECKS */;
/*!40014 SET UNIQUE_CHECKS=@OLD_UNIQUE_CHECKS */;
/*!40101 SET CHARACTER_SET_CLIENT=@OLD_CHARACTER_SET_CLIENT */;
/*!40101 SET CHARACTER_SET_RESULTS=@OLD_CHARACTER_SET_RESULTS */;
/*!40101 SET COLLATION_CONNECTION=@OLD_COLLATION_CONNECTION */;
/*!40111 SET SQL_NOTES=@OLD_SQL_NOTES */;

-- Dump completed on 2024-08-09  8:45:11
